name_in_application,name_score,dob,address,salary,emi_to_income_ratio,debt_to_income_ratio,active_loans,requested_loan_amount,is_fraud
Ananya Kapoor,0.834,7/4/2001,"137, Shastri Nagar, Chennai, Tamil Nadu - 334034",153000,0.074,0.231,1,20000,0
Kartik Nair,0.987,12/21/1980,"234, Indira Nagar, Hyderabad, Telangana - 346769",605000,0.299,0.299,0,171800,0
Ananya Jain,0.915,5/17/1990,"45, BTM Layout, Guwahati, Assam - 210405",385000,0.254,0.254,0,308300,0
Priya Desai,0.963,2/2/2002,"142, MG Road, Lucknow, Uttar Pradesh - 820733",410000,0.137,0.195,1,206900,0
Aditya Verma,0.873,5/25/1982,"243, Sector 45, Guwahati, Assam - 437412",1099000,0.338,0.338,0,350900,0
Rohit Patel,0.813,10/30/1973,"22, MG Road, Lucknow, Uttar Pradesh - 592178",1035000,0.281,0.281,0,897000,0
Nikhil Chopra,0.99,11/15/2002,"50, Indira Nagar, Kolkata, West Bengal - 387337",1034000,0.084,0.275,2,212000,0
Vivaan Gupta,0.873,4/14/1966,"154, Station Road, Chennai, Tamil Nadu - 472889",1332000,0.03,0.273,3,125200,0
Aarav Mukherjee,0.938,7/7/1966,"169, Park Street, Chennai, Tamil Nadu - 527763",578000,0.385,0.385,0,565000,0
Dev Mehta,0.958,4/17/1976,"121, Park Street, Jaipur, Rajasthan - 313462",541000,0.257,0.257,0,509600,0
Tanvi Gupta,0.924,9/7/1976,"147, Main Road, Chandigarh, Chandigarh - 126541",833000,0.12,0.12,0,94500,0
Kartik Kohli,0.942,3/14/1969,"82, MG Road, Hyderabad, Telangana - 171611",304000,0.071,0.211,1,20000,0
Ishita Desai,0.816,4/26/1973,"209, Indira Nagar, Delhi, Delhi - 453323",332000,0.375,0.375,0,310700,0
Aarav Mukherjee,0.957,3/8/1986,"75, Indira Nagar, Lucknow, Uttar Pradesh - 830950",150000,0.196,0.196,0,111400,0
Vivaan Desai,0.872,12/11/1977,"30, Park Street, Jaipur, Rajasthan - 802063",790000,0.276,0.342,1,206600,0
Maya Gupta,0.871,6/22/1978,"185, Station Road, Pune, Maharashtra - 637848",722000,0.338,0.338,0,441800,0
Vihaan Bose,0.91,9/2/1982,"17, Civil Lines, Delhi, Delhi - 548756",1312000,0.182,0.33,1,780100,0
Sneha Khan,0.86,5/6/1985,"38, Indira Nagar, Kolkata, West Bengal - 435809",647000,0.287,0.399,1,484800,0
Tanvi Singh,0.819,5/15/1979,"90, Shastri Nagar, Kolkata, West Bengal - 210495",583000,0.17,0.253,1,93100,0
Vihaan Iyer,0.854,10/30/1998,"47, Shastri Nagar, Bhopal, Madhya Pradesh - 372863",417000,0.061,0.118,1,97300,0
Vivaan Mehta,0.954,10/23/1986,"69, Park Street, Chennai, Tamil Nadu - 424497",800000,0.212,0.36,1,532400,0
Rohit Khan,0.97,8/29/1994,"200, Main Road, Lucknow, Uttar Pradesh - 597148",264000,0.139,0.139,0,65400,0
Rohit Sharma,0.853,4/1/1971,"94, Station Road, Patna, Bihar - 384784",2461000,0.035,0.175,1,81300,0
Ishita Verma,0.97,3/3/1987,"221, BTM Layout, Chennai, Tamil Nadu - 250748",1037000,0.093,0.233,1,302700,0
Aarav Reddy,1,4/10/1981,"245, MG Road, Pune, Maharashtra - 239426",1694000,0.092,0.192,1,493900,0
Ishita Das,0.823,6/20/2001,"49, Station Road, Mumbai, Maharashtra - 579957",150000,0.063,0.223,1,36000,0
Priya Kapoor,0.902,11/10/1986,"129, Main Road, Guwahati, Assam - 746852",258000,0.263,0.356,1,62900,0
Ishita Kumar,0.909,1/1/1990,"116, BTM Layout, Lucknow, Uttar Pradesh - 171160",324000,0.133,0.221,1,40200,0
Rohit Agarwal,0.961,3/27/1998,"95, Shastri Nagar, Kolkata, West Bengal - 368980",626000,0.38,0.38,0,419800,0
Aditya Desai,0.888,7/16/1999,"213, Jayanagar, Jaipur, Rajasthan - 496393",641000,0.046,0.148,1,28000,0
Vivaan Mukherjee,0.853,1/1/1989,"10, Main Road, Bhopal, Madhya Pradesh - 434154",600000,0.394,0.394,0,221500,0
Kavya Iyer,0.92,9/6/2000,"203, Civil Lines, Chandigarh, Chandigarh - 154392",1142000,0.22,0.363,2,639500,0
Aditi Gupta,0.805,5/15/1967,"230, Station Road, Hyderabad, Telangana - 615417",432000,0.362,0.418,1,285200,0
Aditi Kapoor,0.868,7/21/1977,"6, Park Street, Mumbai, Maharashtra - 768395",239000,0.183,0.384,2,136900,0
Ananya Kohli,0.899,5/29/1997,"8, Civil Lines, Pune, Maharashtra - 738911",325000,0.223,0.223,0,131000,0
Aditya Bose,0.846,9/25/1975,"117, BTM Layout, Chandigarh, Chandigarh - 404876",360000,0.141,0.444,3,131600,0
Ananya Nair,0.899,10/27/1987,"230, Sector 45, Kolkata, West Bengal - 175680",150000,0.213,0.373,1,56300,0
Sakshi Kapoor,0.939,1/3/1983,"250, Civil Lines, Ahmedabad, Gujarat - 658997",948000,0.388,0.388,0,349700,0
Tanvi Verma,0.894,8/6/1965,"202, Jayanagar, Guwahati, Assam - 295483",150000,0.326,0.326,0,163400,0
Maya Agarwal,0.906,1/27/1969,"105, Sector 45, Pune, Maharashtra - 142251",265000,0.27,0.27,0,67200,0
Aditi Bose,0.848,5/1/1996,"152, Indira Nagar, Thiruvananthapuram, Kerala - 663203",321000,0.165,0.165,0,93000,0
Aditi Reddy,0.856,1/7/1981,"183, Jayanagar, Jaipur, Rajasthan - 380345",220000,0.026,0.16,1,21100,0
Sneha Reddy,0.821,11/7/1999,"246, Sector 45, Chandigarh, Chandigarh - 373174",198000,0.096,0.096,0,72400,0
Aditya Nair,0.853,8/2/1971,"179, Sector 45, Mumbai, Maharashtra - 291717",1272000,0.058,0.177,1,181600,0
Tanvi Sharma,0.999,5/12/1967,"200, BTM Layout, Bhopal, Madhya Pradesh - 292064",151000,0.142,0.301,1,20000,0
Sai Das,0.843,5/31/1967,"134, Main Road, Kolkata, West Bengal - 422641",180000,0.118,0.252,1,20000,0
Vivaan Kumar,0.938,11/22/1965,"213, Main Road, Kolkata, West Bengal - 155222",646000,0.391,0.391,0,839500,0
Dev Das,0.826,7/21/1992,"7, Station Road, Lucknow, Uttar Pradesh - 114523",275000,0.16,0.26,1,159300,0
Nikhil Das,0.891,6/28/1969,"118, Civil Lines, Ahmedabad, Gujarat - 405241",1988000,0.17,0.17,0,1327700,0
Vihaan Iyer,0.996,6/2/1973,"187, BTM Layout, Mumbai, Maharashtra - 836964",205000,0.131,0.396,2,68600,0
Maya Kohli,0.967,6/12/1965,"16, Indira Nagar, Patna, Bihar - 554137",339000,0.3,0.421,1,326000,0
Vivaan Reddy,0.851,12/23/1981,"218, Jayanagar, Bengaluru, Karnataka - 406135",239000,0.068,0.29,2,28600,0
Kartik Sharma,0.924,6/14/1965,"123, MG Road, Lucknow, Uttar Pradesh - 709910",1215000,0.144,0.144,0,629800,0
Vivaan Verma,0.887,2/21/1969,"14, Sector 45, Kolkata, West Bengal - 386329",592000,0.115,0.246,1,119100,0
Maya Mukherjee,0.804,5/17/1994,"110, Civil Lines, Jaipur, Rajasthan - 267684",264000,0.143,0.273,1,35300,0
Aditi Nair,0.938,10/30/1985,"8, Sector 45, Mumbai, Maharashtra - 334341",666000,0.138,0.208,1,166400,0
Rhea Kohli,0.882,1/17/1975,"122, Civil Lines, Kolkata, West Bengal - 783591",150000,0.193,0.353,1,27000,0
Vivaan Kohli,0.886,7/16/1969,"244, Park Street, Chennai, Tamil Nadu - 692292",975000,0.038,0.113,2,65200,0
Sakshi Kapoor,0.816,2/15/1980,"66, BTM Layout, Kolkata, West Bengal - 552998",150000,0.039,0.519,3,21400,0
Priya Kapoor,0.848,5/11/1966,"155, Indira Nagar, Hyderabad, Telangana - 320854",402000,0.362,0.362,0,136900,0
Ishita Reddy,1,9/22/2001,"186, Park Street, Bhopal, Madhya Pradesh - 781787",847000,0.332,0.332,0,1021000,0
Aarav Bose,0.811,9/13/1979,"202, BTM Layout, Hyderabad, Telangana - 135250",201000,0.928,0.859,0,2010000,1
Sai Kumar,0.976,4/16/1986,"201, Station Road, Thiruvananthapuram, Kerala - 789382",322000,0.127,0.231,1,107200,0
Aditi Desai,0.817,2/15/1989,"198, Civil Lines, Guwahati, Assam - 561763",1478000,0.121,0.22,1,577700,0
Sneha Iyer,0.86,3/16/1990,"113, BTM Layout, Bengaluru, Karnataka - 711627",216000,0.057,0.335,2,31800,0
Rohit Verma,0.917,6/27/1974,"204, Sector 45, Bengaluru, Karnataka - 399789",308000,0.032,0.237,2,25000,0
Dev Gupta,0.94,6/27/1985,"82, Park Street, Hyderabad, Telangana - 139588",223000,0.044,0.299,2,24600,0
Vihaan Kumar,0.962,7/11/1967,"54, Park Street, Ahmedabad, Gujarat - 553609",1229000,0.023,0.219,2,110800,0
Rohit Bose,0.815,5/16/1988,"117, Sector 45, Mumbai, Maharashtra - 545833",211000,0.267,0.381,1,102300,0
Tanvi Gupta,0.847,9/4/1987,"221, Main Road, Hyderabad, Telangana - 615595",689000,0.146,0.211,1,399000,0
Dev Agarwal,0.864,4/11/1991,"145, Park Street, Guwahati, Assam - 368503",1014000,0.143,0.143,0,540000,0
Dev Kapoor,0.889,3/3/1973,"137, Main Road, Lucknow, Uttar Pradesh - 274269",2421000,0.134,0.134,0,1273500,0
Arjun Patel,0.834,10/30/1973,"201, Sector 45, Delhi, Delhi - 534070",465000,0.332,0.332,0,508500,0
Aarav Agarwal,0.983,7/11/1981,"207, Park Street, Guwahati, Assam - 558103",407000,0.229,0.291,1,170000,0
Aarav Agarwal,0.826,12/19/1998,"247, MG Road, Pune, Maharashtra - 160125",334000,0.131,0.292,2,41100,0
Ananya Jain,0.867,3/24/1977,"6, Station Road, Chennai, Tamil Nadu - 267640",358000,0.033,0.174,1,30400,0
Vivaan Iyer,0.946,1/10/1971,"114, MG Road, Guwahati, Assam - 454463",158000,0.072,0.68,4,20000,0
Sai Bose,0.961,2/2/1966,"145, Park Street, Ahmedabad, Gujarat - 213049",181000,0.321,0.321,0,217100,0
Sakshi Iyer,0.941,12/16/1994,"189, Civil Lines, Bengaluru, Karnataka - 731009",2496000,0.071,0.142,1,548100,0
Kavya Chopra,0.875,7/7/1981,"220, Indira Nagar, Lucknow, Uttar Pradesh - 831325",264000,0.176,0.267,1,168000,0
Dev Nair,0.869,4/18/1979,"229, Park Street, Kolkata, West Bengal - 165819",1260000,0.085,0.085,0,392500,0
Arjun Jain,0.929,10/6/1990,"69, Main Road, Guwahati, Assam - 540572",150000,0.258,0.258,0,100700,0
Vivaan Iyer,0.889,7/12/1980,"166, Jayanagar, Chennai, Tamil Nadu - 471098",150000,0.266,0.266,0,37200,0
Kartik Kumar,0.937,9/27/1993,"58, Indira Nagar, Lucknow, Uttar Pradesh - 191347",385000,0.117,0.2,1,42500,0
Vihaan Reddy,0.908,8/4/1987,"4, Civil Lines, Jaipur, Rajasthan - 348361",150000,0.14,0.14,0,20000,0
Vihaan Kapoor,0.89,7/30/1967,"4, Indira Nagar, Thiruvananthapuram, Kerala - 365072",295000,0.071,0.153,1,20000,0
Ananya Kapoor,0.912,2/10/1997,"233, MG Road, Bhopal, Madhya Pradesh - 565713",363000,0.273,0.273,0,358900,0
Rhea Agarwal,0.855,7/13/1984,"2, Station Road, Bengaluru, Karnataka - 618551",464000,0.313,0.313,0,536800,0
Sai Agarwal,0.998,9/29/1971,"219, Indira Nagar, Mumbai, Maharashtra - 426955",150000,0.175,0.175,0,24700,0
Tanvi Chopra,0.804,8/2/1981,"224, Civil Lines, Jaipur, Rajasthan - 630003",198000,0.084,0.205,1,54700,0
Sneha Verma,0.903,12/23/1990,"86, Jayanagar, Patna, Bihar - 561705",936000,0.025,0.252,2,77900,0
Sai Gupta,0.845,3/8/1992,"9, Station Road, Lucknow, Uttar Pradesh - 289123",263000,0.073,0.202,1,68600,0
Nikhil Singh,0.975,8/22/1976,"88, Civil Lines, Lucknow, Uttar Pradesh - 423115",629000,0.019,0.135,2,21500,0
Sai Iyer,0.98,10/25/1984,"102, Main Road, Chandigarh, Chandigarh - 348861",2891000,0.033,0.145,1,231700,0
Arjun Sharma,0.998,6/1/1968,"247, Civil Lines, Pune, Maharashtra - 536092",150000,0.337,0.337,0,159100,0
Dev Singh,0.822,5/12/1994,"62, Shastri Nagar, Ahmedabad, Gujarat - 540804",980000,0.188,0.188,0,576800,0
Nikhil Mehta,0.817,1/19/1965,"127, Jayanagar, Kolkata, West Bengal - 692842",930000,0.04,0.264,2,146600,0
Rhea Patel,0.826,9/24/1979,"141, Station Road, Lucknow, Uttar Pradesh - 804648",620000,0.2,0.283,1,488300,0
Vihaan Kohli,0.9,1/18/1996,"35, Main Road, Lucknow, Uttar Pradesh - 187108",246000,0.278,0.278,0,245800,0
Nikhil Das,0.93,7/16/2000,"88, Park Street, Guwahati, Assam - 653472",150000,0.143,0.303,1,20000,0
Vivaan Patel,0.986,2/1/1984,"108, Station Road, Chandigarh, Chandigarh - 640743",150000,0.106,0.266,1,41500,0
Kartik Sharma,1,4/1/1995,"109, Main Road, Bhopal, Madhya Pradesh - 732872",236000,0.324,0.324,0,240000,0
Kavya Kapoor,0.843,10/31/1981,"124, Indira Nagar, Thiruvananthapuram, Kerala - 393693",256000,0.078,0.224,1,73600,0
Aditya Jain,0.937,4/2/2002,"159, MG Road, Hyderabad, Telangana - 365862",205000,0.189,0.189,0,99800,0
Rhea Khan,0.953,8/2/1987,"228, Main Road, Mumbai, Maharashtra - 367301",643000,0.334,0.334,0,694800,0
Vihaan Sharma,0.875,8/14/2002,"181, Station Road, Guwahati, Assam - 292372",1294000,0.041,0.122,1,130300,0
Nikhil Mehta,0.825,3/19/1973,"4, BTM Layout, Ahmedabad, Gujarat - 332988",596000,0.21,0.365,2,313100,0
Vihaan Khan,0.845,6/25/1985,"237, Park Street, Hyderabad, Telangana - 419897",150000,0.307,0.307,0,174900,0
Sai Reddy,0.941,5/15/1987,"25, Civil Lines, Jaipur, Rajasthan - 351750",283000,0.06,0.163,1,66700,0
Maya Khan,0.937,6/18/1994,"169, MG Road, Bengaluru, Karnataka - 845716",572000,0.116,0.168,1,62400,0
Rohit Nair,0.959,6/1/1977,"229, MG Road, Chandigarh, Chandigarh - 202553",1021000,0.161,0.161,0,289800,0
Maya Patel,0.973,2/20/1987,"152, Park Street, Patna, Bihar - 255419",858000,0.038,0.112,2,58000,0
Aditi Khan,0.914,6/16/1968,"182, Jayanagar, Ahmedabad, Gujarat - 146519",547000,0.05,0.216,2,90600,0
Dev Patel,0.932,4/11/1990,"39, Station Road, Kolkata, West Bengal - 810676",996000,0.356,0.356,0,1274400,0
Sakshi Kumar,0.835,11/22/1984,"59, Civil Lines, Lucknow, Uttar Pradesh - 568015",157000,0.398,0.398,0,245100,0
Aarav Patel,0.85,1/31/1973,"58, Sector 45, Jaipur, Rajasthan - 512402",287000,0.074,0.264,2,20000,0
Priya Khan,0.81,4/17/1977,"217, Main Road, Bhopal, Madhya Pradesh - 702272",395000,0.159,0.159,0,193300,0
Priya Khan,0.834,1/7/1999,"179, Park Street, Mumbai, Maharashtra - 155783",1304000,0.39,0.446,1,1854300,0
Sneha Khan,0.96,6/6/1987,"52, Jayanagar, Ahmedabad, Gujarat - 667865",386000,0.129,0.197,1,47300,0
Rhea Bose,0.839,7/5/1981,"196, Shastri Nagar, Ahmedabad, Gujarat - 203731",239000,0.069,0.198,1,29400,0
Nikhil Bose,0.838,3/12/1976,"62, Civil Lines, Jaipur, Rajasthan - 399311",814000,0.374,0.374,0,783700,0
Vivaan Desai,0.919,12/19/1986,"100, MG Road, Bengaluru, Karnataka - 388297",191000,0.081,0.467,3,40300,0
Sai Desai,0.933,5/26/1984,"226, Main Road, Ahmedabad, Gujarat - 170388",191000,0.199,0.199,0,66600,0
Vihaan Patel,0.871,8/17/1971,"212, MG Road, Bengaluru, Karnataka - 713584",3766000,0.221,0.221,0,786600,0
Aarav Das,0.869,9/5/1994,"68, Shastri Nagar, Delhi, Delhi - 445127",150000,0.054,0.214,1,20000,0
Ishita Khan,0.937,11/24/1995,"4, Sector 45, Guwahati, Assam - 712896",294000,0.189,0.189,0,100300,0
Priya Bose,0.903,10/17/1985,"13, Sector 45, Kolkata, West Bengal - 793372",150000,0.074,0.394,2,20000,0
Dev Patel,0.978,3/12/1977,"156, Civil Lines, Patna, Bihar - 473893",716000,0.218,0.218,0,145700,0
Kavya Das,0.922,11/3/1981,"84, Main Road, Patna, Bihar - 450145",211000,0.043,0.314,2,23500,0
Vihaan Nair,0.952,7/10/1980,"196, Main Road, Hyderabad, Telangana - 162920",691000,0.352,0.352,0,626700,0
Ananya Agarwal,0.88,3/8/1975,"9, Main Road, Jaipur, Rajasthan - 806777",416000,0.399,0.399,0,430900,0
Sakshi Khan,0.99,7/11/1993,"21, Main Road, Jaipur, Rajasthan - 502524",285000,0.25,0.334,1,67600,0
Sneha Kapoor,0.801,12/17/1980,"128, Indira Nagar, Bengaluru, Karnataka - 260039",668000,0.059,0.253,2,70800,0
Ananya Kumar,0.952,1/25/1965,"46, Indira Nagar, Chennai, Tamil Nadu - 328987",150000,0.142,0.302,1,20000,0
Ishita Jain,0.979,11/27/1991,"69, Jayanagar, Kolkata, West Bengal - 735584",268000,0.121,0.211,1,30200,0
Rohit Kohli,0.859,7/4/1970,"201, BTM Layout, Pune, Maharashtra - 498779",1804000,0.35,0.35,0,1124600,0
Aarav Khan,0.993,10/21/1981,"203, Main Road, Guwahati, Assam - 587885",520000,0.248,0.294,1,319800,0
Vivaan Das,0.876,7/7/1997,"174, Shastri Nagar, Ahmedabad, Gujarat - 560041",1120000,0.376,0.376,0,398300,0
Kavya Jain,0.941,3/19/1970,"185, BTM Layout, Thiruvananthapuram, Kerala - 408179",1046000,0.074,0.308,2,198000,0
Ananya Kumar,0.954,11/11/1969,"99, Main Road, Mumbai, Maharashtra - 286254",210000,0.135,0.135,0,108600,0
Ishita Patel,0.811,5/6/1984,"29, Park Street, Chandigarh, Chandigarh - 299309",195000,0.205,0.205,0,70600,0
Tanvi Jain,0.804,10/1/1967,"23, Station Road, Bhopal, Madhya Pradesh - 463582",305000,0.285,0.285,0,157600,0
Kavya Das,0.817,8/8/1982,"104, MG Road, Delhi, Delhi - 752482",150000,0.229,0.229,0,32100,0
Arjun Kohli,0.858,12/26/1992,"119, Civil Lines, Jaipur, Rajasthan - 212153",655000,0.124,0.405,2,306000,0
Kavya Mehta,0.85,4/17/1965,"238, Main Road, Thiruvananthapuram, Kerala - 331712",150000,0.041,0.361,2,20000,0
Kartik Verma,0.954,6/22/1981,"15, BTM Layout, Patna, Bihar - 137019",667000,0.12,0.12,0,75300,0
Sakshi Bose,0.891,8/7/1968,"101, Indira Nagar, Lucknow, Uttar Pradesh - 590805",180000,0.099,0.099,0,55700,0
Aarav Mukherjee,0.917,5/6/1990,"79, Station Road, Lucknow, Uttar Pradesh - 788685",593000,0.195,0.356,2,203500,0
Vihaan Sharma,0.943,4/9/1969,"129, Indira Nagar, Thiruvananthapuram, Kerala - 344311",832000,0.033,0.113,1,85100,0
Maya Nair,0.871,5/9/1984,"7, Shastri Nagar, Kolkata, West Bengal - 631296",873000,0.06,0.196,1,92000,0
Kavya Nair,0.843,8/16/1969,"126, Civil Lines, Hyderabad, Telangana - 730338",870000,0.11,0.169,1,172000,0
Maya Khan,0.922,9/8/2002,"209, Sector 45, Lucknow, Uttar Pradesh - 380740",757000,0.253,0.253,0,488000,0
Sneha Das,0.895,3/11/1970,"192, Indira Nagar, Chennai, Tamil Nadu - 321541",381000,0.197,0.197,0,280400,0
Vihaan Kumar,0.874,8/7/1971,"212, Shastri Nagar, Guwahati, Assam - 283722",372000,0.033,0.235,2,40600,0
Sai Iyer,0.876,6/21/1979,"120, Main Road, Guwahati, Assam - 401150",150000,0.146,0.306,1,73300,0
Arjun Kohli,0.92,7/9/1994,"80, BTM Layout, Mumbai, Maharashtra - 439692",945000,0.318,0.318,0,1001300,0
Vivaan Chopra,0.868,10/9/1991,"50, Sector 45, Mumbai, Maharashtra - 264207",194000,0.246,0.372,1,118400,0
Dev Gupta,0.809,4/16/1965,"11, BTM Layout, Ahmedabad, Gujarat - 715706",163000,0.398,0.398,0,216300,0
Kartik Kapoor,0.921,7/10/1982,"153, Jayanagar, Ahmedabad, Gujarat - 609736",270000,0.298,0.43,1,259700,0
Dev Agarwal,0.824,10/23/1991,"90, BTM Layout, Bengaluru, Karnataka - 280116",680000,0.067,0.292,2,168200,0
Arjun Gupta,0.976,8/14/1979,"78, Main Road, Kolkata, West Bengal - 698604",513000,0.103,0.274,2,161300,0
Aditya Bose,0.806,7/15/1971,"149, BTM Layout, Jaipur, Rajasthan - 436495",150000,0.04,0.36,2,22800,0
Ananya Chopra,0.857,12/28/2001,"76, MG Road, Lucknow, Uttar Pradesh - 730173",209000,0.081,0.448,3,67900,0
Aditi Chopra,0.836,7/19/1971,"128, Indira Nagar, Bhopal, Madhya Pradesh - 149715",203000,0.052,0.17,1,40700,0
Aarav Gupta,0.827,1/24/1965,"191, Sector 45, Chennai, Tamil Nadu - 720397",150000,0.226,0.226,0,130900,0
Ishita Gupta,0.817,8/15/1996,"241, Main Road, Delhi, Delhi - 684024",780000,0.347,0.347,0,470600,0
Arjun Khan,0.905,3/12/1991,"21, Sector 45, Delhi, Delhi - 525146",1138000,0.205,0.205,0,219200,0
Kavya Das,0.908,10/8/1986,"242, Park Street, Lucknow, Uttar Pradesh - 551089",261000,0.081,0.173,1,20000,0
Arjun Das,0.917,9/18/1965,"179, Sector 45, Delhi, Delhi - 334117",558000,0.32,0.367,1,311100,0
Vihaan Reddy,0.815,12/8/1979,"20, Sector 45, Chandigarh, Chandigarh - 625127",150000,0.142,0.142,0,20000,0
Sneha Khan,0.932,4/1/1970,"240, Sector 45, Delhi, Delhi - 515923",1137000,0.281,0.281,0,1146100,0
Ishita Jain,0.903,8/22/1995,"38, Civil Lines, Jaipur, Rajasthan - 832682",150000,0.143,0.143,0,20000,0
Nikhil Patel,0.889,10/28/1979,"27, MG Road, Thiruvananthapuram, Kerala - 389100",711000,0.389,0.389,0,1037100,0
Kartik Mukherjee,0.867,5/5/1985,"183, MG Road, Pune, Maharashtra - 140594",152000,0.273,0.273,0,72300,0
Rhea Khan,0.93,9/6/1997,"167, MG Road, Hyderabad, Telangana - 599002",830000,0.207,0.207,0,162000,0
Kartik Kumar,0.926,6/1/1998,"200, Civil Lines, Guwahati, Assam - 626218",247000,0.092,0.191,1,21500,0
Priya Kohli,0.811,12/4/1981,"185, Park Street, Guwahati, Assam - 457040",284000,0.09,0.417,3,79400,0
Ishita Desai,0.951,5/26/1971,"221, BTM Layout, Hyderabad, Telangana - 133641",150000,0.119,0.279,1,43800,0
Rhea Das,0.884,3/31/1985,"180, Main Road, Pune, Maharashtra - 724012",843000,0.049,0.083,1,128500,0
Sneha Patel,0.941,9/19/2002,"46, Sector 45, Thiruvananthapuram, Kerala - 136714",257000,0.406,0.406,0,272100,0
Kartik Iyer,0.904,6/24/1968,"142, Park Street, Delhi, Delhi - 303138",521000,0.121,0.121,0,112900,0
Priya Kumar,0.847,12/4/1973,"127, BTM Layout, Hyderabad, Telangana - 738173",565000,0.101,0.101,0,100400,0
Aditya Bose,0.85,7/28/1994,"169, Shastri Nagar, Mumbai, Maharashtra - 801465",681000,0.288,0.288,0,182300,0
Vihaan Verma,0.979,1/21/1984,"5, MG Road, Kolkata, West Bengal - 267987",499000,0.265,0.265,0,406600,0
Dev Jain,0.9,5/18/1965,"85, Shastri Nagar, Chandigarh, Chandigarh - 708280",584000,0.182,0.326,2,419900,0
Sai Singh,0.955,2/2/1993,"9, Park Street, Delhi, Delhi - 166845",455000,0.166,0.166,0,135200,0
Maya Mukherjee,0.912,5/29/1998,"216, Indira Nagar, Thiruvananthapuram, Kerala - 514946",333000,0.163,0.163,0,97600,0
Vihaan Desai,0.934,3/11/1999,"23, Jayanagar, Guwahati, Assam - 782565",289000,0.119,0.4,3,32100,0
Rhea Sharma,0.948,3/9/1970,"52, Jayanagar, Chandigarh, Chandigarh - 645558",263000,0.081,0.368,3,20000,0
Priya Mehta,0.805,6/9/1980,"120, Sector 45, Jaipur, Rajasthan - 222512",150000,0.198,0.358,1,72400,0
Arjun Nair,0.907,11/15/1975,"214, Station Road, Hyderabad, Telangana - 820662",1019000,0.355,0.355,0,1200100,0
Kavya Gupta,0.828,11/22/1991,"154, Main Road, Thiruvananthapuram, Kerala - 694403",261000,0.175,0.267,1,166400,0
Priya Iyer,0.807,1/21/1968,"196, BTM Layout, Mumbai, Maharashtra - 733316",999000,0.063,0.198,2,159200,0
Aarav Iyer,0.883,12/6/1998,"181, Shastri Nagar, Mumbai, Maharashtra - 421092",321000,0.053,0.136,1,63100,0
Rhea Bose,0.938,12/19/1970,"181, Civil Lines, Guwahati, Assam - 205352",245000,0.115,0.335,2,26500,0
Arjun Bose,0.827,12/6/1997,"107, Civil Lines, Chandigarh, Chandigarh - 428437",1464000,0.102,0.261,2,260600,0
Sakshi Singh,0.936,12/31/1983,"19, MG Road, Lucknow, Uttar Pradesh - 209666",965000,0.112,0.112,0,423700,0
Kavya Chopra,0.862,8/9/2000,"171, Sector 45, Bengaluru, Karnataka - 191623",468000,0.362,0.362,0,157600,0
Ananya Nair,0.848,7/26/1981,"230, BTM Layout, Bengaluru, Karnataka - 765690",265000,0.105,0.105,0,86300,0
Aarav Agarwal,0.883,6/30/1974,"12, Jayanagar, Patna, Bihar - 365089",661000,0.068,0.144,1,151100,0
Sakshi Nair,0.854,7/4/1978,"179, Station Road, Guwahati, Assam - 714511",1028000,0.086,0.086,0,274100,0
Ananya Bose,0.985,2/26/1976,"151, Shastri Nagar, Pune, Maharashtra - 806516",306000,0.384,0.384,0,110800,0
Aarav Desai,0.921,8/10/1982,"186, Sector 45, Patna, Bihar - 341866",346000,0.068,0.246,2,41900,0
Tanvi Das,0.886,12/5/1984,"250, Park Street, Patna, Bihar - 416536",1534000,0.302,0.344,1,1175900,0
Ishita Jain,0.88,1/10/2000,"147, Shastri Nagar, Kolkata, West Bengal - 768008",497000,0.16,0.16,0,74700,0
Sai Kohli,0.862,6/17/1980,"95, Indira Nagar, Pune, Maharashtra - 653853",790000,0.025,0.186,2,60600,0
Aarav Kohli,0.853,5/15/1976,"212, Civil Lines, Kolkata, West Bengal - 270835",823000,0.233,0.281,1,180700,0
Ishita Desai,0.956,8/27/1996,"163, Park Street, Bengaluru, Karnataka - 309390",497000,0.316,0.381,1,276600,0
Aarav Gupta,0.952,6/15/1995,"203, Shastri Nagar, Patna, Bihar - 790817",150000,0.277,0.277,0,39400,0
Maya Mehta,0.835,8/22/2002,"174, BTM Layout, Guwahati, Assam - 382479",249000,0.084,0.084,0,69900,0
Dev Kumar,0.966,11/1/1969,"48, Sector 45, Chennai, Tamil Nadu - 549414",2372000,0.203,0.397,2,1580400,0
Arjun Chopra,0.98,3/26/1995,"139, Park Street, Thiruvananthapuram, Kerala - 336705",317000,0.028,0.242,2,28000,0
Arjun Patel,0.906,3/22/1974,"194, Shastri Nagar, Bhopal, Madhya Pradesh - 597943",788000,0.064,0.256,2,198200,0
Rohit Das,0.979,1/9/1975,"232, Main Road, Thiruvananthapuram, Kerala - 275373",212000,0.123,0.123,0,46700,0
Aditi Reddy,0.998,10/10/1971,"8, BTM Layout, Hyderabad, Telangana - 184153",150000,0.178,0.178,0,86700,0
Vihaan Khan,0.947,4/26/1989,"240, MG Road, Delhi, Delhi - 724732",150000,0.09,0.41,2,23800,0
Vivaan Mukherjee,0.989,3/15/1976,"201, BTM Layout, Chandigarh, Chandigarh - 658965",150000,0.051,0.211,1,20000,0
Dev Mukherjee,0.943,1/19/1967,"60, Park Street, Pune, Maharashtra - 760796",298000,0.072,0.287,2,20000,0
Sai Gupta,0.885,3/27/1977,"159, BTM Layout, Bhopal, Madhya Pradesh - 737775",329000,0.335,0.335,0,436100,0
Sneha Das,0.823,12/2/1987,"53, Shastri Nagar, Chennai, Tamil Nadu - 626401",196000,0.276,0.276,0,98200,0
Aditya Bose,0.916,1/15/2001,"158, Main Road, Bengaluru, Karnataka - 373511",515000,0.208,0.208,0,100200,0
Rohit Bose,0.912,1/27/1973,"9, Indira Nagar, Lucknow, Uttar Pradesh - 635951",532000,0.264,0.264,0,519700,0
Ishita Das,0.933,5/12/1972,"132, Park Street, Patna, Bihar - 388435",293000,0.182,0.328,1,131200,0
Aditya Iyer,0.973,1/16/1973,"221, Main Road, Delhi, Delhi - 750703",150000,0.076,0.556,3,20000,0
Arjun Kapoor,0.803,3/20/1973,"186, Station Road, Thiruvananthapuram, Kerala - 798653",407000,0.058,0.2,1,76700,0
Vivaan Nair,0.967,4/26/1967,"73, Station Road, Bengaluru, Karnataka - 654015",652000,0.06,0.187,2,37000,0
Ananya Desai,0.988,2/19/1988,"238, Station Road, Jaipur, Rajasthan - 445275",918000,0.407,0.407,0,1372700,0
Sai Reddy,0.945,12/27/1982,"192, Jayanagar, Thiruvananthapuram, Kerala - 590847",754000,0.11,0.11,0,215800,0
Sneha Mukherjee,0.808,7/17/1966,"21, Park Street, Bhopal, Madhya Pradesh - 830640",722000,0.431,0.431,0,290300,0
Aarav Kumar,0.842,7/28/1996,"60, Park Street, Guwahati, Assam - 849072",1618000,0.163,0.163,0,873200,0
Vihaan Mehta,0.812,6/9/1970,"193, Sector 45, Lucknow, Uttar Pradesh - 828716",354000,0.835,0.774,0,3540000,1
Rhea Khan,0.992,8/30/1979,"29, Main Road, Patna, Bihar - 729696",1182000,0.154,0.255,1,699000,0
Arjun Singh,0.954,12/20/1971,"181, Civil Lines, Pune, Maharashtra - 801924",193000,0.225,0.349,1,40500,0
Rohit Kapoor,0.919,10/24/1998,"111, Main Road, Pune, Maharashtra - 162459",356000,0.027,0.39,4,23800,0
Vivaan Kapoor,0.945,10/16/1986,"118, MG Road, Mumbai, Maharashtra - 524148",462000,0.12,0.12,0,144700,0
Aditya Jain,0.823,12/5/1991,"162, Jayanagar, Bhopal, Madhya Pradesh - 112603",1968000,0.288,0.288,0,533300,0
Kartik Nair,0.832,5/17/1984,"241, Indira Nagar, Jaipur, Rajasthan - 783244",180000,0.051,0.184,1,29900,0
Vivaan Mehta,0.906,7/4/1979,"105, Shastri Nagar, Patna, Bihar - 448135",2572000,0.261,0.261,0,2173100,0
Kavya Patel,0.879,6/9/1999,"156, MG Road, Pune, Maharashtra - 532257",1900000,0.246,0.246,0,1212600,0
Tanvi Reddy,0.978,11/30/1992,"137, Civil Lines, Bhopal, Madhya Pradesh - 725209",210000,0.195,0.195,0,38600,0
Vihaan Kohli,0.839,4/20/1982,"150, Station Road, Lucknow, Uttar Pradesh - 309846",271000,0.306,0.306,0,77200,0
Sai Chopra,0.994,4/18/1989,"109, Station Road, Chennai, Tamil Nadu - 501486",150000,0.246,0.406,1,121600,0
Kavya Gupta,0.892,5/15/1987,"203, Indira Nagar, Pune, Maharashtra - 438182",150000,0.18,0.34,1,48000,0
Kartik Das,0.945,12/14/1992,"246, Park Street, Patna, Bihar - 841037",287000,0.227,0.227,0,164100,0
Sneha Patel,0.812,9/26/2002,"102, Park Street, Kolkata, West Bengal - 775172",176000,0.777,0.862,1,1760000,1
Priya Khan,0.873,3/25/1988,"78, Jayanagar, Ahmedabad, Gujarat - 233107",152000,0.053,0.368,2,20000,0
Sakshi Mukherjee,0.867,8/20/1982,"56, Station Road, Chandigarh, Chandigarh - 441427",519000,0.032,0.18,1,53600,0
Rohit Khan,0.904,11/20/2001,"92, MG Road, Hyderabad, Telangana - 664199",150000,0.381,0.381,0,187900,0
Aarav Jain,0.857,8/27/1977,"65, Station Road, Chennai, Tamil Nadu - 357357",793000,0.044,0.186,1,126100,0
Kavya Kapoor,0.937,3/6/1974,"238, Sector 45, Guwahati, Assam - 645744",292000,0.275,0.275,0,76400,0
Nikhil Mukherjee,0.959,12/20/1988,"112, Park Street, Pune, Maharashtra - 710844",470000,0.055,0.185,1,96400,0
Vihaan Reddy,0.915,9/11/1980,"244, Shastri Nagar, Patna, Bihar - 357590",150000,0.234,0.234,0,113400,0
Ananya Verma,0.871,7/7/1968,"137, Shastri Nagar, Delhi, Delhi - 424974",545000,0.273,0.395,1,141200,0
Maya Kapoor,0.981,6/6/1990,"156, Park Street, Jaipur, Rajasthan - 843338",195000,0.058,0.328,2,36000,0
Kartik Patel,0.959,7/15/1976,"142, Park Street, Mumbai, Maharashtra - 293151",357000,0.194,0.335,1,65400,0
Sakshi Kapoor,0.971,6/7/1990,"42, BTM Layout, Pune, Maharashtra - 281963",433000,0.049,0.198,1,20000,0
Vihaan Nair,0.991,5/16/1980,"147, Indira Nagar, Chennai, Tamil Nadu - 706109",791000,0.44,0.44,0,326100,0
Ananya Verma,0.865,11/22/1989,"245, MG Road, Delhi, Delhi - 809643",287000,0.22,0.343,1,246900,0
Maya Mukherjee,0.894,8/23/1989,"13, Sector 45, Pune, Maharashtra - 345146",150000,0.119,0.279,1,66500,0
Aarav Jain,0.849,1/2/1968,"102, Main Road, Jaipur, Rajasthan - 388402",257000,0.173,0.173,0,138200,0
Aditya Khan,0.898,6/14/1995,"225, Station Road, Delhi, Delhi - 799190",401000,0.249,0.309,1,321000,0
Aditya Singh,0.929,7/17/1974,"84, BTM Layout, Ahmedabad, Gujarat - 257395",356000,0.152,0.348,2,170000,0
Priya Kapoor,0.982,2/5/1971,"1, Shastri Nagar, Chandigarh, Chandigarh - 529721",751000,0.401,0.401,0,1197100,0
Arjun Singh,0.966,5/24/1965,"190, Station Road, Chennai, Tamil Nadu - 282141",747000,0.125,0.125,0,304400,0
Vivaan Mehta,0.971,10/11/1966,"55, Park Street, Pune, Maharashtra - 592679",2224000,0.459,0.459,0,965200,0
Sakshi Das,0.88,10/1/1969,"248, Jayanagar, Delhi, Delhi - 159513",649000,0.114,0.298,2,129900,0
Vihaan Mukherjee,0.846,7/15/1994,"74, Park Street, Pune, Maharashtra - 154954",699000,0.429,0.429,0,280300,0
Priya Nair,0.835,11/13/1966,"29, Park Street, Chennai, Tamil Nadu - 512662",310000,0.022,0.167,1,27000,0
Ishita Sharma,0.86,4/16/1990,"187, Indira Nagar, Jaipur, Rajasthan - 138799",150000,0.077,0.237,1,20000,0
Tanvi Kohli,0.976,8/9/1975,"171, Main Road, Lucknow, Uttar Pradesh - 177461",905000,0.134,0.134,0,303900,0
Sakshi Kapoor,0.963,4/24/1972,"10, Shastri Nagar, Ahmedabad, Gujarat - 405753",468000,0.088,0.161,1,38900,0
Sai Mukherjee,0.826,3/10/1996,"54, Park Street, Bhopal, Madhya Pradesh - 637719",501000,0.253,0.253,0,119000,0
Ananya Agarwal,0.853,9/8/1993,"169, BTM Layout, Delhi, Delhi - 595884",567000,0.386,0.386,0,385200,0
Sneha Gupta,0.816,4/28/1966,"22, Station Road, Bhopal, Madhya Pradesh - 248846",301000,0.301,0.301,0,157500,0
Ananya Kumar,0.988,11/3/1978,"76, Park Street, Guwahati, Assam - 707338",721000,0.373,0.373,0,684300,0
Sakshi Singh,0.892,3/16/1965,"70, BTM Layout, Delhi, Delhi - 255924",949000,0.329,0.329,0,1177500,0
Aditya Verma,0.957,2/13/1981,"174, Jayanagar, Kolkata, West Bengal - 390144",324000,0.188,0.294,1,154600,0
Sakshi Patel,0.82,1/11/1983,"115, Park Street, Bhopal, Madhya Pradesh - 783389",233000,0.091,0.194,1,20000,0
Kavya Kohli,0.868,12/22/1972,"162, Station Road, Mumbai, Maharashtra - 591600",1262000,0.222,0.222,0,1095200,0
Rhea Das,0.937,11/7/2002,"232, Main Road, Delhi, Delhi - 445638",265000,0.207,0.298,1,198900,0
Kartik Agarwal,0.854,12/8/1991,"81, Shastri Nagar, Jaipur, Rajasthan - 485341",249000,0.241,0.241,0,217100,0
Maya Sharma,0.894,5/18/1988,"241, MG Road, Guwahati, Assam - 222717",927000,0.15,0.304,2,523200,0
Aarav Chopra,0.94,12/4/1968,"242, BTM Layout, Delhi, Delhi - 340412",746000,0.392,0.392,0,728200,0
Nikhil Desai,0.998,11/24/1973,"196, Jayanagar, Guwahati, Assam - 168473",2294000,0.025,0.147,1,150400,0
Vihaan Reddy,0.838,1/19/2000,"184, Jayanagar, Pune, Maharashtra - 365790",309000,0.069,0.147,1,20000,0
Ishita Desai,0.876,11/5/1991,"63, BTM Layout, Jaipur, Rajasthan - 439980",802000,0.223,0.266,1,168200,0
Arjun Agarwal,0.878,1/20/1979,"117, Civil Lines, Bhopal, Madhya Pradesh - 723711",3173000,0.219,0.219,0,1766600,0
Ishita Singh,0.999,11/27/1989,"5, Shastri Nagar, Chandigarh, Chandigarh - 516774",253000,0.315,0.459,1,140200,0
Sai Sharma,0.981,8/31/1987,"104, Park Street, Chandigarh, Chandigarh - 685228",571000,0.236,0.355,1,342500,0
Ishita Singh,0.863,6/24/1973,"156, Jayanagar, Chandigarh, Chandigarh - 556441",172000,0.171,0.311,1,97500,0
Vivaan Chopra,0.948,4/24/1992,"213, Jayanagar, Guwahati, Assam - 546726",276000,0.1,0.217,1,90900,0
Ananya Kohli,0.844,9/28/1989,"30, Indira Nagar, Mumbai, Maharashtra - 460220",1141000,0.029,0.134,1,82800,0
Rohit Mehta,0.8,11/21/1998,"64, Main Road, Chandigarh, Chandigarh - 714675",150000,0.199,0.199,0,53500,0
Kartik Iyer,0.972,4/10/1984,"167, Shastri Nagar, Jaipur, Rajasthan - 643782",215000,0.293,0.405,1,111300,0
Aarav Mukherjee,0.951,7/2/1966,"226, Civil Lines, Patna, Bihar - 668698",486000,0.023,0.368,3,28400,0
Ananya Kohli,0.833,11/28/1967,"104, Sector 45, Bhopal, Madhya Pradesh - 410980",150000,0.272,0.272,0,38900,0
Sneha Sharma,0.879,2/3/1966,"37, MG Road, Lucknow, Uttar Pradesh - 373857",3558000,0.075,0.116,1,685500,0
Kavya Bose,0.966,10/28/1977,"233, Park Street, Ahmedabad, Gujarat - 636332",3535000,0.29,0.29,0,4045100,0
Aditya Iyer,0.931,8/30/1971,"30, Jayanagar, Lucknow, Uttar Pradesh - 437042",226000,0.122,0.122,0,49600,0
Kartik Nair,0.892,2/6/1973,"109, Main Road, Lucknow, Uttar Pradesh - 787451",150000,0.055,0.375,2,27000,0
Dev Gupta,0.945,10/20/1974,"67, Shastri Nagar, Bhopal, Madhya Pradesh - 334247",527000,0.217,0.217,0,439000,0
Aditi Chopra,0.987,2/12/1970,"116, Sector 45, Ahmedabad, Gujarat - 585131",162000,0.079,0.079,0,22800,0
Sneha Kumar,0.926,9/8/1973,"56, Park Street, Patna, Bihar - 411189",584000,0.062,0.297,3,120900,0
Aarav Sharma,0.845,7/14/1990,"57, Indira Nagar, Jaipur, Rajasthan - 235731",150000,0.074,0.234,1,20000,0
Ishita Singh,0.839,10/26/1993,"33, Main Road, Thiruvananthapuram, Kerala - 809986",1242000,0.032,0.255,2,37100,0
Vivaan Jain,0.835,4/10/2001,"119, Shastri Nagar, Jaipur, Rajasthan - 421543",1061000,0.034,0.32,3,34300,0
Sai Mukherjee,0.837,12/25/1996,"161, Shastri Nagar, Pune, Maharashtra - 622549",973000,0.326,0.326,0,297400,0
Nikhil Iyer,0.899,4/7/1980,"32, Sector 45, Bengaluru, Karnataka - 568769",213000,0.341,0.341,0,291000,0
Sai Singh,0.826,9/26/1968,"93, Shastri Nagar, Hyderabad, Telangana - 765767",323000,0.309,0.309,0,309200,0
Tanvi Kumar,0.932,2/7/1975,"132, Civil Lines, Hyderabad, Telangana - 679515",946000,0.246,0.246,0,763800,0
Aarav Jain,0.812,11/10/1968,"130, Civil Lines, Bhopal, Madhya Pradesh - 804038",501000,0.264,0.264,0,125100,0
Vivaan Desai,0.999,9/22/1967,"147, Main Road, Thiruvananthapuram, Kerala - 117542",325000,0.134,0.208,1,161400,0
Rhea Nair,0.947,6/22/1983,"137, Indira Nagar, Patna, Bihar - 816667",283000,0.277,0.277,0,204900,0
Aditi Mukherjee,0.815,7/29/1998,"39, Park Street, Guwahati, Assam - 205694",972000,0.361,0.361,0,866600,0
Ishita Sharma,0.907,6/28/1965,"186, BTM Layout, Thiruvananthapuram, Kerala - 764607",683000,0.236,0.401,2,395400,0
Arjun Chopra,0.855,1/14/1979,"202, Station Road, Chennai, Tamil Nadu - 485398",955000,0.313,0.357,1,999400,0
Rohit Nair,0.888,9/22/1999,"119, Jayanagar, Bengaluru, Karnataka - 553807",399000,0.073,0.356,3,72200,0
Rohit Mehta,0.966,1/8/2000,"132, Main Road, Bhopal, Madhya Pradesh - 375744",338000,0.192,0.192,0,159300,0
Sneha Agarwal,0.813,7/2/1990,"107, Civil Lines, Jaipur, Rajasthan - 843538",624000,0.226,0.286,1,370100,0
Sakshi Desai,0.893,2/19/1977,"107, Shastri Nagar, Kolkata, West Bengal - 788818",431000,0.106,0.18,1,151700,0
Sai Das,0.918,7/3/1995,"55, Park Street, Chandigarh, Chandigarh - 420733",396000,0.249,0.249,0,385500,0
Ananya Khan,0.942,7/8/1998,"176, Shastri Nagar, Chennai, Tamil Nadu - 764807",269000,0.062,0.351,2,30200,0
Rhea Verma,0.939,5/7/1996,"207, Station Road, Mumbai, Maharashtra - 655106",3509000,0.409,0.409,0,3689500,0
Nikhil Das,0.985,7/24/1990,"188, Shastri Nagar, Mumbai, Maharashtra - 357893",1245000,0.241,0.413,2,535600,0
Vivaan Nair,0.843,9/24/1999,"25, Civil Lines, Bengaluru, Karnataka - 746665",150000,0.14,0.46,2,20000,0
Sai Iyer,0.84,3/22/2001,"77, Civil Lines, Pune, Maharashtra - 262908",516000,0.405,0.405,0,768300,0
Dev Singh,0.846,5/6/1995,"32, Main Road, Bengaluru, Karnataka - 432422",958000,0.29,0.29,0,258800,0
Vihaan Nair,0.883,4/15/1991,"217, Main Road, Chandigarh, Chandigarh - 810584",716000,0.274,0.274,0,186000,0
Aarav Sharma,0.961,3/11/1966,"39, Jayanagar, Pune, Maharashtra - 231479",875000,0.23,0.434,2,361400,0
Kartik Iyer,0.896,5/7/1979,"114, Indira Nagar, Chandigarh, Chandigarh - 124636",371000,0.241,0.384,1,337000,0
Kartik Verma,0.838,4/23/1973,"140, BTM Layout, Lucknow, Uttar Pradesh - 820806",190000,0.231,0.231,0,107600,0
Kavya Chopra,0.927,8/12/1976,"16, Shastri Nagar, Mumbai, Maharashtra - 264333",1193000,0.438,0.438,0,2028900,0
Kavya Nair,0.919,12/10/1997,"152, Station Road, Jaipur, Rajasthan - 307352",1755000,0.172,0.313,1,281300,0
Sakshi Sharma,0.897,9/5/1998,"97, Indira Nagar, Mumbai, Maharashtra - 407708",1060000,0.163,0.28,1,557000,0
Vivaan Kapoor,0.88,9/26/1984,"167, Civil Lines, Kolkata, West Bengal - 848816",1063000,0.125,0.125,0,239100,0
Vihaan Singh,0.936,10/20/1976,"170, Shastri Nagar, Thiruvananthapuram, Kerala - 553866",150000,0.051,0.211,1,20000,0
Ishita Mehta,0.956,12/7/1994,"179, Shastri Nagar, Bhopal, Madhya Pradesh - 726535",150000,0.088,0.088,0,47600,0
Ananya Mehta,0.84,4/12/1986,"6, BTM Layout, Chandigarh, Chandigarh - 254149",3058000,0.179,0.179,0,1352800,0
Tanvi Kohli,0.968,1/18/1986,"13, Park Street, Lucknow, Uttar Pradesh - 542304",150000,0.295,0.295,0,114100,0
Ananya Iyer,0.959,4/30/1987,"106, Park Street, Hyderabad, Telangana - 784223",282000,0.048,0.133,1,23800,0
Tanvi Gupta,0.972,6/16/2002,"64, Station Road, Guwahati, Assam - 804193",311000,0.108,0.108,0,83100,0
Sneha Sharma,0.851,2/17/1973,"103, Sector 45, Patna, Bihar - 288175",207000,0.039,0.155,1,24900,0
Aarav Khan,0.821,5/23/1984,"227, Sector 45, Hyderabad, Telangana - 617266",150000,0.035,0.355,2,20000,0
Arjun Chopra,0.845,10/2/1973,"186, Sector 45, Bhopal, Madhya Pradesh - 329711",150000,0.118,0.278,1,44300,0
Aarav Sharma,0.826,9/8/1998,"21, Park Street, Jaipur, Rajasthan - 845129",297000,0.197,0.197,0,152200,0
Rohit Singh,0.823,2/25/2001,"201, Station Road, Kolkata, West Bengal - 273345",492000,0.35,0.35,0,298600,0
Kavya Bose,0.981,5/20/1979,"143, Indira Nagar, Bengaluru, Karnataka - 757927",183000,0.44,0.44,0,265000,0
Nikhil Patel,0.801,11/26/1994,"101, Jayanagar, Pune, Maharashtra - 469401",1263000,0.322,0.322,0,1256500,0
Vihaan Chopra,0.96,2/5/1995,"91, BTM Layout, Mumbai, Maharashtra - 179931",150000,0.23,0.39,1,62300,0
Sai Desai,0.978,7/6/1991,"111, Indira Nagar, Chandigarh, Chandigarh - 248142",592000,0.305,0.305,0,569400,0
Maya Kumar,0.972,10/10/1983,"1, Jayanagar, Lucknow, Uttar Pradesh - 259632",150000,0.08,0.4,2,21200,0
Arjun Mukherjee,0.882,7/15/1987,"12, Civil Lines, Kolkata, West Bengal - 208627",277000,0.262,0.262,0,67500,0
Aarav Khan,0.847,3/5/1996,"140, Shastri Nagar, Kolkata, West Bengal - 462525",365000,0.189,0.287,1,173300,0
Ishita Iyer,0.976,2/6/1986,"229, Sector 45, Thiruvananthapuram, Kerala - 188423",1961000,0.133,0.23,1,243300,0
Sai Gupta,0.855,4/9/2001,"122, Main Road, Chandigarh, Chandigarh - 779406",364000,0.24,0.24,0,155800,0
Aarav Chopra,0.998,10/31/2000,"91, Jayanagar, Lucknow, Uttar Pradesh - 587544",4444000,0.084,0.084,0,352800,0
Kartik Iyer,0.855,7/7/1969,"74, Main Road, Chandigarh, Chandigarh - 620917",683000,0.134,0.196,1,86400,0
Priya Nair,0.989,7/13/1982,"218, Park Street, Bhopal, Madhya Pradesh - 621148",168000,0.232,0.232,0,69100,0
Ishita Jain,0.994,2/23/1997,"57, Park Street, Pune, Maharashtra - 120235",227000,0.393,0.393,0,84400,0
Tanvi Gupta,0.806,1/9/1973,"241, Jayanagar, Mumbai, Maharashtra - 623570",166000,0.243,0.243,0,132200,0
Maya Khan,0.862,5/31/1967,"242, Indira Nagar, Thiruvananthapuram, Kerala - 325132",366000,0.144,0.144,0,193200,0
Kavya Bose,0.897,8/9/1967,"224, Indira Nagar, Thiruvananthapuram, Kerala - 251592",201000,0.315,0.434,1,163200,0
Aarav Mehta,0.974,5/4/1977,"64, Park Street, Bhopal, Madhya Pradesh - 235560",323000,0.293,0.409,1,89500,0
Priya Iyer,0.861,6/16/1987,"215, Park Street, Jaipur, Rajasthan - 613365",172000,0.209,0.348,1,62500,0
Arjun Agarwal,0.998,6/17/1974,"127, Main Road, Thiruvananthapuram, Kerala - 274121",359000,0.093,0.093,0,84400,0
Aditi Patel,0.958,6/23/1969,"246, Indira Nagar, Chennai, Tamil Nadu - 449856",1047000,0.322,0.322,0,599000,0
Nikhil Kohli,0.805,8/10/1988,"232, Indira Nagar, Bhopal, Madhya Pradesh - 212541",420000,0.081,0.223,2,134900,0
Aditi Verma,0.815,12/21/1986,"162, Jayanagar, Mumbai, Maharashtra - 178558",255000,0.263,0.263,0,63000,0
Kartik Verma,0.812,7/4/1968,"77, Jayanagar, Patna, Bihar - 413644",315000,0.271,0.271,0,273500,0
Vihaan Gupta,0.972,2/9/1977,"112, Main Road, Hyderabad, Telangana - 143771",251000,0.059,0.296,2,26300,0
Aditi Agarwal,0.953,1/19/1966,"119, Civil Lines, Jaipur, Rajasthan - 255379",165000,0.169,0.169,0,70000,0
Sneha Singh,0.909,7/25/1973,"232, Park Street, Thiruvananthapuram, Kerala - 130451",297000,0.113,0.113,0,84600,0
Vihaan Singh,0.945,5/26/1989,"26, Park Street, Kolkata, West Bengal - 497105",668000,0.145,0.145,0,351100,0
Rohit Patel,0.986,1/1/1971,"249, Civil Lines, Patna, Bihar - 587676",260000,0.317,0.317,0,311700,0
Rohit Das,0.836,12/30/1988,"35, Sector 45, Delhi, Delhi - 829143",954000,0.139,0.139,0,330300,0
Maya Agarwal,0.872,10/2/1978,"151, Indira Nagar, Kolkata, West Bengal - 675198",258000,0.269,0.269,0,122000,0
Rhea Nair,0.853,10/13/1986,"165, Jayanagar, Ahmedabad, Gujarat - 401223",543000,0.362,0.362,0,186200,0
Sneha Khan,0.971,3/5/1996,"137, Park Street, Delhi, Delhi - 811778",420000,0.154,0.252,1,242700,0
Rhea Mehta,0.852,12/8/1985,"151, BTM Layout, Mumbai, Maharashtra - 304186",226000,0.133,0.345,2,53400,0
Kartik Bose,0.811,9/2/1978,"61, Sector 45, Jaipur, Rajasthan - 840077",514000,0.332,0.332,0,554400,0
Ishita Bose,0.862,7/2/2001,"164, BTM Layout, Ahmedabad, Gujarat - 579225",554000,0.355,0.355,0,716400,0
Tanvi Sharma,0.931,12/22/2001,"229, Station Road, Kolkata, West Bengal - 524470",150000,0.169,0.329,1,93700,0
Ananya Singh,0.903,1/28/1984,"244, Civil Lines, Jaipur, Rajasthan - 191969",793000,0.262,0.393,1,194700,0
Rhea Das,0.939,9/22/1981,"36, Park Street, Chandigarh, Chandigarh - 477758",172000,0.391,0.391,0,62500,0
Rhea Kapoor,0.931,5/6/1970,"132, BTM Layout, Patna, Bihar - 730217",1009000,0.204,0.204,0,672300,0
Ananya Mukherjee,0.814,4/11/1977,"124, Jayanagar, Delhi, Delhi - 590807",395000,0.05,0.18,1,48700,0
Aditi Verma,0.889,4/4/1972,"148, BTM Layout, Ahmedabad, Gujarat - 274376",522000,0.246,0.385,2,324200,0
Vivaan Mukherjee,0.946,7/22/1984,"215, Jayanagar, Hyderabad, Telangana - 626856",780000,0.404,0.404,0,1041600,0
Priya Kumar,0.88,2/19/1981,"159, Indira Nagar, Jaipur, Rajasthan - 481678",281000,0.094,0.18,1,47300,0
Rohit Gupta,0.912,9/18/1991,"248, BTM Layout, Guwahati, Assam - 497529",228000,0.294,0.294,0,261800,0
Dev Reddy,0.972,3/26/1965,"128, Station Road, Hyderabad, Telangana - 383025",1060000,0.169,0.169,0,167000,0
Vivaan Desai,0.855,6/10/1988,"59, BTM Layout, Guwahati, Assam - 747638",150000,0.111,0.111,0,61400,0
Tanvi Jain,0.935,9/26/1990,"133, Shastri Nagar, Pune, Maharashtra - 294421",244000,0.269,0.269,0,166100,0
Sakshi Agarwal,0.929,6/11/1991,"109, Park Street, Thiruvananthapuram, Kerala - 426351",820000,0.18,0.18,0,486700,0
Sai Sharma,0.802,10/8/1983,"83, Park Street, Lucknow, Uttar Pradesh - 413162",650000,0.247,0.383,2,283500,0
Kartik Kumar,0.864,11/19/1992,"92, MG Road, Mumbai, Maharashtra - 779063",150000,0.17,0.17,0,79200,0
Maya Kohli,0.91,2/9/1993,"26, BTM Layout, Chandigarh, Chandigarh - 834047",1542000,0.196,0.196,0,1197100,0
Vihaan Das,0.844,3/4/1988,"193, Indira Nagar, Lucknow, Uttar Pradesh - 188639",1216000,0.26,0.344,1,551400,0
Sakshi Mukherjee,0.93,10/6/1980,"4, Main Road, Kolkata, West Bengal - 264863",352000,0.159,0.311,2,101800,0
Rohit Iyer,0.99,8/9/1966,"164, Station Road, Hyderabad, Telangana - 628094",1408000,0.142,0.253,2,790500,0
Aditya Gupta,0.854,9/5/1984,"4, Sector 45, Guwahati, Assam - 199938",956000,0.195,0.195,0,687900,0
Priya Kumar,0.897,4/20/1969,"100, Station Road, Bhopal, Madhya Pradesh - 416686",2343000,0.088,0.088,0,194400,0
Maya Mukherjee,0.927,1/18/1969,"20, MG Road, Lucknow, Uttar Pradesh - 726519",340000,0.253,0.253,0,156600,0
Arjun Nair,0.834,11/21/1980,"6, Park Street, Ahmedabad, Gujarat - 643057",351000,0.022,0.233,2,24000,0
Nikhil Chopra,0.915,8/21/1979,"181, MG Road, Jaipur, Rajasthan - 520663",172000,0.229,0.229,0,102700,0
Ishita Das,0.807,9/1/1983,"138, BTM Layout, Pune, Maharashtra - 546320",255000,0.196,0.384,2,126100,0
Kartik Patel,0.847,1/10/2001,"75, Station Road, Thiruvananthapuram, Kerala - 245636",672000,0.028,0.168,1,32900,0
Aditi Agarwal,0.891,1/13/1997,"221, Shastri Nagar, Kolkata, West Bengal - 260481",631000,0.44,0.44,0,1036300,0
Kavya Mehta,0.809,10/27/1986,"35, Indira Nagar, Chandigarh, Chandigarh - 425143",745000,0.186,0.186,0,240400,0
Nikhil Mehta,0.983,12/19/1968,"15, Sector 45, Lucknow, Uttar Pradesh - 522129",672000,0.239,0.381,1,151800,0
Arjun Patel,0.989,6/13/1981,"122, Civil Lines, Kolkata, West Bengal - 731053",150000,0.143,0.303,1,20000,0
Sneha Mukherjee,0.852,8/6/1996,"8, Park Street, Bhopal, Madhya Pradesh - 353742",150000,0.053,0.213,1,20000,0
Aditya Jain,0.996,2/11/1972,"183, Shastri Nagar, Guwahati, Assam - 473205",2093000,0.113,0.113,0,771900,0
Kavya Khan,0.98,5/23/1969,"75, Civil Lines, Bengaluru, Karnataka - 363496",226000,0.382,0.382,0,210700,0
Aarav Reddy,0.954,6/1/1982,"126, MG Road, Bengaluru, Karnataka - 159898",336000,0.29,0.29,0,382200,0
Ishita Mehta,0.888,12/1/1984,"150, BTM Layout, Patna, Bihar - 399529",206000,0.107,0.107,0,54900,0
Arjun Sharma,0.814,3/28/1977,"221, Civil Lines, Jaipur, Rajasthan - 779903",1128000,0.105,0.273,2,207600,0
Vivaan Gupta,0.878,7/2/1992,"56, MG Road, Mumbai, Maharashtra - 241186",175000,0.052,0.189,1,22400,0
Aditya Kapoor,0.925,12/21/2000,"20, Sector 45, Hyderabad, Telangana - 120384",489000,0.199,0.322,1,239100,0
Tanvi Iyer,0.973,1/20/1978,"133, BTM Layout, Chandigarh, Chandigarh - 548646",1323000,0.063,0.199,1,144600,0
Rohit Verma,0.91,5/8/1990,"147, Jayanagar, Ahmedabad, Gujarat - 699589",455000,0.121,0.121,0,96500,0
Tanvi Khan,0.952,9/27/1988,"187, Civil Lines, Guwahati, Assam - 308487",231000,0.28,0.384,1,115000,0
Maya Nair,0.89,6/4/1975,"64, Jayanagar, Ahmedabad, Gujarat - 760202",216000,0.052,0.299,2,20000,0
Rohit Kumar,0.843,8/20/1982,"176, BTM Layout, Chandigarh, Chandigarh - 671170",662000,0.316,0.316,0,801500,0
Vivaan Nair,0.928,9/6/2002,"203, Jayanagar, Hyderabad, Telangana - 148034",150000,0.26,0.26,0,70000,0
Kartik Bose,0.931,2/28/1984,"200, Park Street, Chandigarh, Chandigarh - 370690",1561000,0.083,0.201,1,121800,0
Tanvi Nair,0.866,10/22/1992,"201, Indira Nagar, Mumbai, Maharashtra - 697741",271000,0.275,0.383,1,277100,0
Ishita Iyer,0.854,9/24/1975,"82, Jayanagar, Hyderabad, Telangana - 697133",150000,0.295,0.295,0,136700,0
Kavya Gupta,0.949,2/8/2002,"60, MG Road, Bengaluru, Karnataka - 381726",687000,0.365,0.402,1,765000,0
Vihaan Nair,0.805,9/22/1974,"48, Civil Lines, Bhopal, Madhya Pradesh - 808629",816000,0.305,0.305,0,236200,0
Priya Chopra,0.849,8/22/1974,"62, MG Road, Jaipur, Rajasthan - 138584",195000,0.24,0.363,1,170500,0
Kartik Kapoor,0.817,3/6/2001,"202, Shastri Nagar, Thiruvananthapuram, Kerala - 750389",160000,0.096,0.246,1,26900,0
Tanvi Khan,0.812,9/9/1990,"8, Shastri Nagar, Bengaluru, Karnataka - 622837",331000,0.024,0.262,2,20000,0
Aditi Mukherjee,0.949,2/17/1996,"47, Indira Nagar, Bengaluru, Karnataka - 773579",150000,0.15,0.31,1,68900,0
Ishita Singh,0.912,6/5/1998,"228, Sector 45, Ahmedabad, Gujarat - 799388",226000,0.153,0.153,0,62700,0
Dev Gupta,0.957,11/14/1985,"50, Jayanagar, Hyderabad, Telangana - 731327",704000,0.108,0.301,3,135400,0
Sakshi Das,0.879,9/17/1968,"77, Sector 45, Ahmedabad, Gujarat - 361078",223000,0.132,0.24,1,74800,0
Dev Kohli,0.803,12/26/1968,"57, Shastri Nagar, Delhi, Delhi - 274786",2759000,0.029,0.142,1,201900,0
Dev Kumar,0.905,11/2/1972,"117, Shastri Nagar, Guwahati, Assam - 452979",2009000,0.068,0.118,1,129900,0
Rhea Kapoor,0.865,9/13/1965,"188, Civil Lines, Mumbai, Maharashtra - 317461",220000,0.317,0.317,0,127200,0
Kavya Bose,0.91,5/20/2001,"86, Sector 45, Chandigarh, Chandigarh - 253528",252000,0.116,0.116,0,95700,0
Sakshi Jain,0.951,10/13/1980,"193, Sector 45, Hyderabad, Telangana - 674106",339000,0.168,0.168,0,206400,0
Arjun Chopra,0.977,8/20/1966,"71, Shastri Nagar, Delhi, Delhi - 495128",206000,0.104,0.221,1,20000,0
Sakshi Patel,0.886,1/6/2002,"23, Sector 45, Bengaluru, Karnataka - 791984",294000,0.132,0.132,0,95100,0
Sneha Nair,0.971,7/19/1998,"239, Shastri Nagar, Chennai, Tamil Nadu - 636480",175000,0.21,0.347,1,94300,0
Aarav Bose,0.948,1/22/1990,"164, BTM Layout, Bengaluru, Karnataka - 677850",276000,0.203,0.203,0,141600,0
Rhea Reddy,0.817,11/23/1997,"39, BTM Layout, Delhi, Delhi - 805633",351000,0.055,0.149,1,34600,0
Aditi Khan,0.899,12/25/2001,"206, BTM Layout, Delhi, Delhi - 694651",2028000,0.033,0.126,1,259900,0
Sakshi Jain,0.904,8/4/1995,"173, Sector 45, Jaipur, Rajasthan - 213218",228000,0.227,0.227,0,165600,0
Kavya Iyer,0.884,2/12/1988,"65, Shastri Nagar, Chennai, Tamil Nadu - 599957",468000,0.423,0.423,0,497600,0
Ananya Jain,0.964,6/28/1996,"115, MG Road, Delhi, Delhi - 496408",504000,0.14,0.412,2,66700,0
Kavya Das,0.881,10/8/1976,"159, Station Road, Pune, Maharashtra - 621005",424000,0.243,0.243,0,370500,0
Sakshi Mehta,0.848,3/26/1998,"23, Main Road, Bhopal, Madhya Pradesh - 557381",438000,0.319,0.374,1,560400,0
Tanvi Kumar,0.959,12/5/1996,"14, Civil Lines, Chandigarh, Chandigarh - 346525",1054000,0.224,0.224,0,737500,0
Aarav Sharma,0.976,5/13/1980,"99, Station Road, Chennai, Tamil Nadu - 453033",823000,0.116,0.184,1,172900,0
Ananya Agarwal,0.867,4/25/1997,"163, Sector 45, Delhi, Delhi - 396514",150000,0.183,0.343,1,25800,0
Sakshi Mehta,0.81,6/18/1982,"189, Sector 45, Chennai, Tamil Nadu - 804785",151000,0.198,0.357,1,28300,0
Arjun Das,0.811,11/30/1984,"67, Station Road, Hyderabad, Telangana - 252013",533000,0.381,0.381,0,659700,0
Sai Agarwal,0.956,12/9/1997,"74, MG Road, Jaipur, Rajasthan - 391947",978000,0.164,0.164,0,411700,0
Dev Patel,0.974,2/10/1996,"204, Sector 45, Pune, Maharashtra - 770066",150000,0.048,0.368,2,26900,0
Nikhil Khan,0.888,6/19/1968,"56, Main Road, Kolkata, West Bengal - 146925",1393000,0.081,0.081,0,373800,0
Nikhil Reddy,0.914,4/25/1987,"7, Shastri Nagar, Kolkata, West Bengal - 629513",721000,0.1,0.182,1,125100,0
Vivaan Gupta,0.957,6/4/1980,"49, Main Road, Bengaluru, Karnataka - 481426",246000,0.352,0.352,0,82300,0
Vivaan Kohli,0.808,9/11/1987,"102, MG Road, Ahmedabad, Gujarat - 578268",277000,0.052,0.154,1,25600,0
Arjun Iyer,0.984,8/9/1969,"210, Main Road, Thiruvananthapuram, Kerala - 314508",316000,0.153,0.153,0,189100,0
Sneha Mukherjee,0.803,9/23/1985,"147, Main Road, Hyderabad, Telangana - 596737",534000,0.175,0.224,1,288600,0
Vivaan Jain,0.813,8/6/1975,"94, Station Road, Hyderabad, Telangana - 320828",518000,0.358,0.358,0,614200,0
Rohit Gupta,0.867,11/21/1990,"68, Station Road, Bhopal, Madhya Pradesh - 575380",150000,0.076,0.236,1,20000,0
Dev Agarwal,0.964,5/1/1980,"108, Park Street, Bengaluru, Karnataka - 316326",304000,0.223,0.359,1,63300,0
Sai Verma,0.848,7/8/1985,"208, Shastri Nagar, Mumbai, Maharashtra - 431750",515000,0.319,0.406,1,532100,0
Ishita Iyer,0.876,2/6/1974,"29, Main Road, Pune, Maharashtra - 276829",150000,0.344,0.344,0,130300,0
Nikhil Agarwal,0.813,8/13/1968,"75, BTM Layout, Mumbai, Maharashtra - 238038",703000,0.283,0.35,1,353900,0
Sneha Agarwal,0.923,9/12/1993,"133, Station Road, Bhopal, Madhya Pradesh - 225918",171000,0.401,0.401,0,64000,0
Priya Sharma,0.917,8/9/1997,"150, Indira Nagar, Bhopal, Madhya Pradesh - 311689",361000,0.031,0.33,3,41600,0
Maya Reddy,0.889,12/16/1970,"164, Main Road, Delhi, Delhi - 208510",835000,0.039,0.219,2,30500,0
Ishita Kumar,0.879,12/26/1989,"110, Civil Lines, Thiruvananthapuram, Kerala - 195942",150000,0.274,0.274,0,149600,0
Kavya Das,0.848,6/17/1969,"183, Park Street, Chennai, Tamil Nadu - 597851",698000,0.252,0.252,0,310000,0
Aditi Das,0.832,6/1/1978,"150, Sector 45, Jaipur, Rajasthan - 299659",455000,0.356,0.409,1,509800,0
Tanvi Jain,0.925,2/20/1969,"193, Sector 45, Chandigarh, Chandigarh - 670978",495000,0.172,0.3,1,79900,0
Aditi Sharma,0.973,8/23/1984,"243, Shastri Nagar, Patna, Bihar - 314024",638000,0.2,0.2,0,331900,0
Kartik Das,0.925,1/11/1966,"240, Park Street, Thiruvananthapuram, Kerala - 251693",173000,0.133,0.411,2,75100,0
Sai Khan,0.863,9/28/1973,"148, Park Street, Mumbai, Maharashtra - 750750",428000,0.241,0.354,1,96000,0
Vivaan Das,0.988,1/21/1980,"94, MG Road, Pune, Maharashtra - 563144",932000,0.137,0.217,1,402200,0
Kavya Sharma,0.859,7/5/1974,"167, Civil Lines, Jaipur, Rajasthan - 510701",169000,0.148,0.148,0,45200,0
Aarav Singh,0.814,8/21/2001,"112, Station Road, Kolkata, West Bengal - 675558",194000,0.173,0.173,0,85600,0
Rhea Bose,0.936,6/11/2002,"30, MG Road, Ahmedabad, Gujarat - 207283",502000,0.432,0.432,0,713600,0
Kartik Agarwal,0.865,7/14/1967,"238, Park Street, Guwahati, Assam - 333487",235000,0.145,0.247,1,83300,0
Sneha Kohli,0.974,12/14/1976,"169, Jayanagar, Hyderabad, Telangana - 489493",150000,0.065,0.225,1,23700,0
Vivaan Iyer,0.922,3/12/1985,"171, Shastri Nagar, Mumbai, Maharashtra - 749496",150000,0.32,0.32,0,186200,0
Sakshi Agarwal,0.95,10/22/1973,"138, Shastri Nagar, Mumbai, Maharashtra - 366118",3742000,0.125,0.125,0,814000,0
Vivaan Khan,0.888,7/8/1979,"27, Sector 45, Chennai, Tamil Nadu - 564896",286000,0.074,0.206,1,20000,0
Rohit Bose,0.87,7/19/1984,"142, Park Street, Hyderabad, Telangana - 674500",331000,0.075,0.199,1,43700,0
Ishita Singh,0.889,11/9/2001,"222, BTM Layout, Pune, Maharashtra - 260417",1028000,0.264,0.264,0,254500,0
Kartik Iyer,0.964,5/21/2000,"248, Civil Lines, Kolkata, West Bengal - 848665",331000,0.061,0.184,1,52500,0
Sai Desai,0.989,7/28/1968,"244, Station Road, Pune, Maharashtra - 518781",157000,0.052,0.205,1,26800,0
Ananya Kapoor,0.955,9/5/2001,"7, Jayanagar, Patna, Bihar - 553019",586000,0.036,0.132,1,20100,0
Rohit Desai,0.955,11/23/1994,"147, Main Road, Pune, Maharashtra - 333482",150000,0.189,0.189,0,50700,0
Arjun Reddy,0.926,2/12/1985,"119, BTM Layout, Ahmedabad, Gujarat - 269487",533000,0.415,0.415,0,731700,0
Maya Sharma,0.888,12/10/1977,"130, Main Road, Ahmedabad, Gujarat - 770229",286000,0.298,0.382,1,148500,0
Sakshi Iyer,0.864,8/3/1973,"206, Park Street, Pune, Maharashtra - 626974",485000,0.313,0.384,1,270000,0
Vihaan Khan,0.841,11/13/1981,"146, Civil Lines, Guwahati, Assam - 115625",5980000,0.102,0.204,1,2007800,0
Sakshi Verma,0.805,4/14/1968,"246, MG Road, Lucknow, Uttar Pradesh - 543527",201000,0.106,0.106,0,37800,0
Rohit Das,0.9,3/3/1983,"165, BTM Layout, Patna, Bihar - 358232",199000,0.056,0.309,2,20000,0
Kavya Khan,0.822,6/22/1984,"34, MG Road, Kolkata, West Bengal - 524900",150000,0.052,0.532,3,20000,0
Priya Sharma,0.99,3/4/1975,"22, Sector 45, Chennai, Tamil Nadu - 301727",439000,0.311,0.311,0,441800,0
Aditi Khan,0.885,2/6/1997,"226, Main Road, Kolkata, West Bengal - 445618",465000,0.091,0.17,1,164000,0
Maya Das,0.9,5/5/1986,"205, Indira Nagar, Ahmedabad, Gujarat - 793116",2772000,0.303,0.43,1,2197100,0
Tanvi Iyer,0.947,3/21/1989,"200, BTM Layout, Pune, Maharashtra - 265652",2275000,0.2,0.332,1,429500,0
Ananya Patel,0.886,1/19/1991,"53, Sector 45, Bhopal, Madhya Pradesh - 577179",183000,0.287,0.433,1,129900,0
Vivaan Chopra,0.82,7/11/1992,"72, Indira Nagar, Bhopal, Madhya Pradesh - 185295",150000,0.307,0.307,0,116700,0
Rohit Patel,0.962,3/19/1981,"18, MG Road, Lucknow, Uttar Pradesh - 125523",594000,0.056,0.177,2,106100,0
Dev Kumar,0.949,6/11/1982,"179, Station Road, Kolkata, West Bengal - 530133",608000,0.204,0.332,1,460900,0
Rohit Patel,0.851,4/5/1994,"240, Jayanagar, Guwahati, Assam - 317200",150000,0.049,0.209,1,24400,0
Aditi Jain,0.879,1/11/1995,"202, Indira Nagar, Hyderabad, Telangana - 764079",580000,0.023,0.104,1,51300,0
Sakshi Singh,0.868,1/3/1976,"229, BTM Layout, Bhopal, Madhya Pradesh - 761560",340000,0.079,0.079,0,46900,0
Aditya Mukherjee,0.962,6/25/1995,"65, BTM Layout, Lucknow, Uttar Pradesh - 249452",596000,0.316,0.409,1,478500,0
Vihaan Mehta,0.95,5/23/1993,"141, Indira Nagar, Chennai, Tamil Nadu - 568552",150000,0.078,0.238,1,39100,0
Sai Agarwal,0.96,11/16/1981,"215, Jayanagar, Ahmedabad, Gujarat - 266609",739000,0.308,0.308,0,896800,0
Maya Verma,0.873,5/18/1994,"202, MG Road, Bengaluru, Karnataka - 702555",910000,0.271,0.271,0,787700,0
Dev Bose,0.878,1/25/1967,"13, Sector 45, Delhi, Delhi - 849593",150000,0.041,0.201,1,20000,0
Rohit Kapoor,0.867,4/19/1996,"35, Indira Nagar, Mumbai, Maharashtra - 481323",1245000,0.411,0.411,0,1297100,0
Rohit Iyer,0.9,5/22/1973,"209, Jayanagar, Jaipur, Rajasthan - 451455",670000,0.091,0.153,1,239900,0
Priya Chopra,0.866,4/20/1997,"33, BTM Layout, Bhopal, Madhya Pradesh - 607228",345000,0.323,0.393,1,105800,0
Nikhil Chopra,0.821,2/13/1980,"75, Main Road, Guwahati, Assam - 610963",564000,0.079,0.079,0,113800,0
Priya Verma,0.983,7/15/1974,"99, Indira Nagar, Bhopal, Madhya Pradesh - 776298",396000,0.204,0.335,1,143600,0
Sai Kumar,0.934,2/15/1977,"85, Park Street, Jaipur, Rajasthan - 611255",721000,0.244,0.331,1,546000,0
Nikhil Nair,0.886,5/26/1989,"138, Civil Lines, Bhopal, Madhya Pradesh - 583505",383000,0.134,0.134,0,129400,0
Kartik Kohli,0.948,6/4/1981,"46, Jayanagar, Bengaluru, Karnataka - 674556",379000,0.153,0.235,1,102500,0
Priya Singh,0.885,11/22/1968,"231, Jayanagar, Guwahati, Assam - 393775",150000,0.223,0.383,1,131400,0
Vivaan Das,0.81,7/8/1992,"198, BTM Layout, Chennai, Tamil Nadu - 441949",746000,0.21,0.21,0,146200,0
Priya Jain,0.989,5/14/1997,"246, Main Road, Hyderabad, Telangana - 242007",318000,0.301,0.401,1,90300,0
Priya Kumar,0.945,8/4/1987,"190, Jayanagar, Patna, Bihar - 684887",699000,0.178,0.178,0,449300,0
Priya Kapoor,0.85,10/8/1988,"30, Station Road, Bhopal, Madhya Pradesh - 309293",205000,0.281,0.398,1,102400,0
Dev Kapoor,0.869,8/13/2002,"224, Station Road, Chennai, Tamil Nadu - 283970",1300000,0.216,0.358,1,264500,0
Ananya Reddy,0.886,1/5/1970,"81, Indira Nagar, Bhopal, Madhya Pradesh - 737110",194000,0.099,0.222,1,34600,0
Vihaan Verma,0.914,8/31/1965,"232, Park Street, Mumbai, Maharashtra - 113695",713000,0.142,0.291,2,400700,0
Rohit Reddy,0.853,3/4/1992,"200, Shastri Nagar, Kolkata, West Bengal - 372927",355000,0.386,0.386,0,129500,0
Aarav Verma,0.9,9/13/1993,"246, Indira Nagar, Guwahati, Assam - 756145",921000,0.32,0.411,1,754300,0
Ananya Nair,0.845,8/22/1979,"65, Station Road, Pune, Maharashtra - 807155",1001000,0.18,0.18,0,662500,0
Rhea Patel,0.93,6/4/1997,"62, BTM Layout, Bengaluru, Karnataka - 266541",857000,0.025,0.293,2,20000,0
Sakshi Chopra,0.8,5/19/1975,"144, Sector 45, Chennai, Tamil Nadu - 669109",629000,0.922,0.941,0,6290000,1
Rohit Reddy,0.816,7/1/2000,"144, Indira Nagar, Mumbai, Maharashtra - 574257",285000,0.072,0.24,2,62900,0
Tanvi Bose,0.838,3/21/1993,"173, Shastri Nagar, Jaipur, Rajasthan - 191706",214000,0.15,0.15,0,105000,0
Ananya Patel,0.92,3/31/1965,"142, Indira Nagar, Guwahati, Assam - 647215",551000,0.415,0.415,0,753400,0
Aditi Sharma,0.945,8/9/1975,"234, MG Road, Kolkata, West Bengal - 369840",299000,0.403,0.403,0,113500,0
Ishita Bose,0.863,2/20/1985,"180, BTM Layout, Chandigarh, Chandigarh - 586777",358000,0.06,0.205,1,55800,0
Priya Khan,0.837,7/20/1969,"228, Jayanagar, Chennai, Tamil Nadu - 143486",522000,0.106,0.106,0,219000,0
Sai Mehta,0.919,9/5/1988,"162, Sector 45, Bhopal, Madhya Pradesh - 519978",150000,0.281,0.281,0,75000,0
Aditi Mukherjee,0.957,9/22/1984,"24, Main Road, Thiruvananthapuram, Kerala - 757074",368000,0.196,0.196,0,272000,0
Kavya Agarwal,0.812,6/26/1977,"120, Civil Lines, Patna, Bihar - 397374",723000,0.381,0.381,0,261600,0
Vihaan Kumar,0.808,10/21/2002,"206, Shastri Nagar, Chandigarh, Chandigarh - 847200",601000,0.236,0.236,0,545200,0
Aarav Das,0.889,6/2/1975,"214, Main Road, Hyderabad, Telangana - 729350",162000,0.061,0.506,3,30900,0
Arjun Kumar,0.832,2/16/1975,"44, Shastri Nagar, Chennai, Tamil Nadu - 722688",264000,0.357,0.357,0,307300,0
Aditi Reddy,0.943,1/9/1983,"85, MG Road, Guwahati, Assam - 468890",150000,0.175,0.175,0,67800,0
Vihaan Agarwal,0.872,8/30/1991,"39, Sector 45, Lucknow, Uttar Pradesh - 169954",150000,0.156,0.156,0,22000,0
Nikhil Sharma,0.844,4/5/1987,"240, Sector 45, Kolkata, West Bengal - 353804",363000,0.178,0.279,1,162100,0
Dev Kumar,0.828,9/23/1970,"159, Park Street, Ahmedabad, Gujarat - 240026",711000,0.138,0.138,0,175100,0
Nikhil Mukherjee,0.804,7/21/1985,"30, Station Road, Thiruvananthapuram, Kerala - 189501",192000,0.763,0.911,1,1920000,1
Nikhil Verma,0.904,1/20/1998,"130, Jayanagar, Jaipur, Rajasthan - 646510",229000,0.056,0.321,2,51200,0
Kartik Das,0.904,11/10/1969,"97, Shastri Nagar, Pune, Maharashtra - 308200",866000,0.042,0.081,1,112200,0
Sakshi Chopra,0.876,10/3/1979,"63, MG Road, Thiruvananthapuram, Kerala - 132648",367000,0.03,0.477,4,20000,0
Arjun Singh,0.931,8/10/1966,"78, Sector 45, Bengaluru, Karnataka - 390059",150000,0.034,0.514,3,20000,0
Priya Iyer,0.86,3/20/2000,"51, Park Street, Ahmedabad, Gujarat - 681605",220000,0.234,0.234,0,134200,0
Kavya Chopra,0.999,4/26/2002,"36, Sector 45, Chandigarh, Chandigarh - 153039",150000,0.056,0.376,2,27400,0
Ananya Verma,0.953,9/3/1977,"69, Shastri Nagar, Bhopal, Madhya Pradesh - 413240",521000,0.083,0.083,0,113500,0
Nikhil Das,0.922,7/9/1977,"208, Park Street, Chandigarh, Chandigarh - 250444",637000,0.172,0.172,0,347200,0
Rohit Jain,0.868,4/30/1979,"141, Civil Lines, Ahmedabad, Gujarat - 667075",150000,0.233,0.233,0,33000,0
Priya Chopra,0.821,10/14/1972,"82, Indira Nagar, Hyderabad, Telangana - 701400",295000,0.097,0.097,0,50100,0
Aditya Das,0.926,9/12/1974,"162, Sector 45, Guwahati, Assam - 379241",195000,0.083,0.206,1,52500,0
Aditya Reddy,0.909,4/21/1980,"195, BTM Layout, Lucknow, Uttar Pradesh - 433306",474000,0.246,0.246,0,449500,0
Nikhil Gupta,0.868,10/5/1988,"8, Indira Nagar, Patna, Bihar - 773864",1337000,0.083,0.083,0,277200,0
Aarav Desai,0.801,10/4/1987,"180, MG Road, Bhopal, Madhya Pradesh - 124323",2087000,0.088,0.313,2,722200,0
Sakshi Chopra,0.863,5/19/1983,"58, Indira Nagar, Thiruvananthapuram, Kerala - 723329",478000,0.118,0.118,0,52200,0
Sai Gupta,0.943,9/16/1994,"229, Shastri Nagar, Thiruvananthapuram, Kerala - 541340",150000,0.262,0.422,1,153800,0
Aditya Kumar,0.953,10/5/1997,"152, Park Street, Kolkata, West Bengal - 415850",150000,0.139,0.139,0,37500,0
Rohit Gupta,0.83,11/11/1979,"51, Indira Nagar, Patna, Bihar - 397841",201000,0.128,0.128,0,84500,0
Sai Kumar,0.989,8/13/1992,"146, Indira Nagar, Jaipur, Rajasthan - 714265",263000,0.317,0.408,1,148400,0
Kavya Mukherjee,0.837,4/28/1997,"169, BTM Layout, Thiruvananthapuram, Kerala - 480495",202000,0.071,0.428,3,35400,0
Nikhil Kumar,0.924,1/22/1986,"44, Main Road, Kolkata, West Bengal - 521215",188000,0.176,0.31,1,59700,0
Aditya Sharma,0.892,5/12/1972,"4, Main Road, Thiruvananthapuram, Kerala - 748922",150000,0.073,0.233,1,20000,0
Sai Singh,0.877,10/14/1997,"156, Jayanagar, Patna, Bihar - 192688",463000,0.237,0.237,0,338200,0
Maya Desai,0.83,4/11/1988,"196, BTM Layout, Chandigarh, Chandigarh - 464674",150000,0.073,0.233,1,20000,0
Arjun Agarwal,0.845,12/7/2001,"170, MG Road, Ahmedabad, Gujarat - 194419",214000,0.175,0.175,0,93700,0
Vivaan Das,0.817,11/23/1966,"116, Indira Nagar, Mumbai, Maharashtra - 688389",371000,0.206,0.206,0,196200,0
Kavya Reddy,0.874,6/2/1972,"129, Shastri Nagar, Chennai, Tamil Nadu - 667142",1553000,0.019,0.247,2,27600,0
Tanvi Mukherjee,0.837,9/2/1994,"113, Park Street, Chennai, Tamil Nadu - 777233",477000,0.273,0.381,2,404200,0
Sakshi Singh,0.816,6/2/1983,"212, MG Road, Bengaluru, Karnataka - 637164",327000,0.353,0.353,0,368100,0
Aarav Bose,0.985,6/6/1973,"85, MG Road, Guwahati, Assam - 435972",292000,0.044,0.126,1,22300,0
Aditi Patel,0.974,11/21/1980,"176, Sector 45, Pune, Maharashtra - 385899",656000,0.154,0.243,2,263400,0
Maya Kohli,0.835,12/5/1968,"110, Park Street, Thiruvananthapuram, Kerala - 319416",209000,0.102,0.446,3,20000,0
Rohit Iyer,0.864,10/11/1968,"30, Shastri Nagar, Hyderabad, Telangana - 487081",2897000,0.213,0.213,0,1614700,0
Arjun Iyer,0.95,7/3/1978,"15, Sector 45, Mumbai, Maharashtra - 841241",150000,0.141,0.301,1,20000,0
Vivaan Chopra,0.857,12/19/1967,"33, Park Street, Lucknow, Uttar Pradesh - 348375",488000,0.217,0.217,0,382800,0
Ananya Chopra,0.819,8/26/1980,"115, Park Street, Lucknow, Uttar Pradesh - 255648",1097000,0.134,0.364,3,383700,0
Aditi Singh,0.949,2/2/1974,"138, Station Road, Patna, Bihar - 255091",476000,0.404,0.404,0,180600,0
Sneha Kohli,0.952,7/15/1968,"15, MG Road, Bhopal, Madhya Pradesh - 450580",393000,0.2,0.323,2,308400,0
Vihaan Kumar,0.88,9/29/1980,"112, MG Road, Chandigarh, Chandigarh - 612089",1508000,0.212,0.212,0,1249400,0
Vihaan Khan,0.826,5/1/1981,"179, Station Road, Lucknow, Uttar Pradesh - 633700",389000,0.265,0.265,0,187100,0
Vivaan Desai,0.963,9/19/1989,"161, Civil Lines, Ahmedabad, Gujarat - 322431",603000,0.357,0.357,0,200800,0
Kavya Patel,0.873,7/27/1992,"191, Civil Lines, Patna, Bihar - 474722",1613000,0.407,0.407,0,1704400,0
Sai Nair,0.832,12/21/2001,"237, Park Street, Ahmedabad, Gujarat - 414257",860000,0.114,0.247,1,93100,0
Nikhil Sharma,0.853,3/30/1980,"194, Park Street, Patna, Bihar - 628624",365000,0.181,0.181,0,169500,0
Kavya Khan,0.964,6/9/1994,"237, Shastri Nagar, Patna, Bihar - 378371",167000,0.129,0.129,0,20000,0
Kavya Das,0.962,3/28/1968,"72, Civil Lines, Patna, Bihar - 593011",421000,0.22,0.22,0,229600,0
Arjun Sharma,0.928,9/17/1993,"11, Shastri Nagar, Mumbai, Maharashtra - 782063",913000,0.383,0.383,0,904900,0
Arjun Sharma,0.812,4/6/1965,"157, MG Road, Bhopal, Madhya Pradesh - 560806",187000,0.109,0.109,0,36200,0
Arjun Desai,0.951,9/6/1988,"26, Shastri Nagar, Bhopal, Madhya Pradesh - 249699",421000,0.405,0.405,0,560500,0
Maya Iyer,0.808,5/2/1965,"69, Jayanagar, Ahmedabad, Gujarat - 645543",569000,0.08,0.304,3,142900,0
Rohit Agarwal,0.835,8/14/1967,"135, Civil Lines, Jaipur, Rajasthan - 844243",185000,0.033,0.163,1,20000,0
Priya Iyer,0.872,3/4/1967,"205, Jayanagar, Hyderabad, Telangana - 365676",967000,0.175,0.273,1,419500,0
Ishita Nair,0.968,11/13/1968,"197, Jayanagar, Delhi, Delhi - 242468",372000,0.293,0.358,1,197000,0
Sakshi Bose,0.852,11/20/1994,"114, Indira Nagar, Ahmedabad, Gujarat - 846888",150000,0.126,0.286,1,46100,0
Priya Khan,0.819,1/24/1970,"161, Main Road, Kolkata, West Bengal - 842761",817000,0.134,0.134,0,272000,0
Sakshi Agarwal,0.912,1/25/1976,"64, Civil Lines, Mumbai, Maharashtra - 375834",227000,0.132,0.132,0,53400,0
Vivaan Desai,0.962,12/26/1974,"7, Civil Lines, Mumbai, Maharashtra - 236636",1115000,0.314,0.397,1,901100,0
Aditi Chopra,0.944,7/24/1981,"93, Civil Lines, Bhopal, Madhya Pradesh - 261451",518000,0.07,0.116,1,112000,0
Kartik Mukherjee,0.9,11/19/1992,"172, BTM Layout, Hyderabad, Telangana - 257841",761000,0.106,0.139,1,142700,0
Sneha Chopra,0.859,5/12/1994,"236, Main Road, Pune, Maharashtra - 714028",150000,0.1,0.1,0,37600,0
Maya Iyer,0.984,7/26/1968,"68, Park Street, Jaipur, Rajasthan - 418191",441000,0.098,0.098,0,156000,0
Ananya Patel,0.85,1/16/1972,"218, BTM Layout, Pune, Maharashtra - 508488",165000,0.129,0.129,0,20000,0
Aditi Singh,0.852,6/27/2001,"47, Indira Nagar, Jaipur, Rajasthan - 746013",357000,0.083,0.204,1,53200,0
Rohit Mehta,0.801,12/27/1986,"85, MG Road, Hyderabad, Telangana - 378631",181000,0.777,0.762,1,1810000,1
Aditya Kapoor,0.993,5/1/1993,"160, Jayanagar, Chennai, Tamil Nadu - 209091",276000,0.273,0.273,0,195200,0
Rohit Reddy,0.919,2/10/1977,"98, Indira Nagar, Pune, Maharashtra - 589733",250000,0.182,0.323,1,139400,0
Nikhil Chopra,0.81,10/31/1968,"174, BTM Layout, Chandigarh, Chandigarh - 144562",982000,0.262,0.312,1,655700,0
Dev Reddy,0.922,6/10/1997,"175, Main Road, Bengaluru, Karnataka - 329255",240000,0.118,0.221,1,26300,0
Nikhil Khan,0.989,4/2/1995,"77, Main Road, Hyderabad, Telangana - 613845",529000,0.215,0.215,0,296900,0
Sneha Verma,0.846,12/28/1981,"63, Main Road, Patna, Bihar - 135753",394000,0.107,0.107,0,39900,0
Ishita Mehta,0.989,11/28/1972,"210, Jayanagar, Kolkata, West Bengal - 196747",150000,0.178,0.338,1,47200,0
Nikhil Singh,0.908,7/21/1988,"188, Civil Lines, Chennai, Tamil Nadu - 372996",520000,0.256,0.331,1,515000,0
Sakshi Agarwal,0.916,11/22/1975,"140, Shastri Nagar, Bhopal, Madhya Pradesh - 223696",770000,0.264,0.264,0,804600,0
Kavya Mukherjee,0.826,2/8/1977,"242, Sector 45, Bengaluru, Karnataka - 233823",725000,0.373,0.373,0,251800,0
Arjun Kohli,0.891,5/9/1971,"102, Jayanagar, Lucknow, Uttar Pradesh - 335249",291000,0.144,0.227,1,166700,0
Tanvi Das,0.986,8/22/1993,"231, Jayanagar, Jaipur, Rajasthan - 478801",350000,0.045,0.116,1,27600,0
Ishita Patel,0.85,12/31/1975,"6, Civil Lines, Mumbai, Maharashtra - 303280",737000,0.207,0.207,0,508700,0
Sneha Gupta,0.84,4/30/1998,"132, Shastri Nagar, Lucknow, Uttar Pradesh - 751820",267000,0.212,0.36,1,217600,0
Ishita Reddy,0.808,11/17/1970,"170, MG Road, Mumbai, Maharashtra - 116685",438000,0.04,0.125,1,54900,0
Aditya Mukherjee,0.893,1/25/1966,"103, Shastri Nagar, Jaipur, Rajasthan - 670990",381000,0.309,0.377,1,304100,0
Sakshi Chopra,0.823,7/17/1996,"41, BTM Layout, Hyderabad, Telangana - 252866",150000,0.142,0.462,2,20000,0
Priya Kohli,0.949,10/6/2002,"178, Shastri Nagar, Chandigarh, Chandigarh - 721755",474000,0.075,0.218,1,139400,0
Ishita Chopra,0.933,12/22/1978,"218, MG Road, Thiruvananthapuram, Kerala - 715959",743000,0.119,0.257,1,227900,0
Sneha Das,0.955,12/11/2000,"41, Jayanagar, Hyderabad, Telangana - 135616",492000,0.071,0.12,1,125700,0
Sneha Mukherjee,0.807,7/14/1992,"157, Shastri Nagar, Bengaluru, Karnataka - 637361",357000,0.427,0.427,0,388800,0
Rhea Das,0.859,3/11/2000,"41, Station Road, Mumbai, Maharashtra - 579556",958000,0.055,0.29,2,92600,0
Sai Mukherjee,0.94,7/5/1995,"172, Shastri Nagar, Jaipur, Rajasthan - 385075",150000,0.043,0.203,1,20000,0
Aditi Mehta,0.983,5/5/1967,"68, Indira Nagar, Jaipur, Rajasthan - 373149",597000,0.032,0.301,3,33300,0
Tanvi Jain,0.816,7/28/2002,"191, Station Road, Chennai, Tamil Nadu - 410063",167000,0.25,0.25,0,155400,0
Sai Mukherjee,0.89,2/1/1967,"87, Shastri Nagar, Bengaluru, Karnataka - 829586",150000,0.074,0.394,2,20000,0
Arjun Bose,0.917,4/28/1991,"109, Civil Lines, Lucknow, Uttar Pradesh - 455368",186000,0.405,0.405,0,187100,0
Ishita Kumar,0.87,9/4/1969,"21, Indira Nagar, Chandigarh, Chandigarh - 715423",150000,0.281,0.281,0,39500,0
Sneha Singh,0.881,12/3/1996,"73, BTM Layout, Ahmedabad, Gujarat - 554698",447000,0.125,0.3,2,137400,0
Nikhil Kapoor,0.905,12/19/1984,"148, Sector 45, Hyderabad, Telangana - 757502",426000,0.35,0.35,0,263900,0
Kavya Sharma,0.88,2/1/1966,"54, Shastri Nagar, Mumbai, Maharashtra - 205847",2376000,0.267,0.366,2,2024400,0
Priya Kumar,0.988,1/29/1965,"227, Jayanagar, Kolkata, West Bengal - 250002",150000,0.141,0.301,1,20000,0
Aditya Khan,0.924,1/15/1989,"163, Shastri Nagar, Guwahati, Assam - 485281",216000,0.068,0.29,2,37700,0
Tanvi Agarwal,0.942,7/15/1974,"150, Shastri Nagar, Bhopal, Madhya Pradesh - 763600",286000,0.165,0.165,0,145200,0
Rohit Kohli,0.808,2/12/1965,"50, Jayanagar, Chennai, Tamil Nadu - 484881",252000,0.218,0.218,0,52300,0
Aditi Bose,0.896,4/14/2002,"111, Station Road, Mumbai, Maharashtra - 721230",157000,0.234,0.387,1,95400,0
Priya Das,0.951,3/28/1987,"167, Indira Nagar, Mumbai, Maharashtra - 603012",539000,0.208,0.208,0,436600,0
Sai Jain,0.928,5/30/2001,"171, Park Street, Lucknow, Uttar Pradesh - 842476",303000,0.069,0.17,1,37500,0
Dev Reddy,0.945,1/1/2001,"20, MG Road, Chandigarh, Chandigarh - 824854",279000,0.277,0.277,0,201500,0
Arjun Nair,0.903,4/19/2001,"134, Main Road, Chandigarh, Chandigarh - 731923",980000,0.137,0.137,0,242000,0
Vivaan Agarwal,0.984,8/29/1972,"80, Park Street, Pune, Maharashtra - 555953",505000,0.122,0.122,0,190300,0
Kartik Kumar,0.988,2/10/1974,"205, Sector 45, Pune, Maharashtra - 624346",386000,0.232,0.306,1,83900,0
Kavya Das,0.925,3/9/1992,"143, BTM Layout, Delhi, Delhi - 486559",1013000,0.141,0.141,0,533100,0
Vivaan Chopra,0.935,1/14/1984,"241, Sector 45, Delhi, Delhi - 750576",274000,0.224,0.224,0,57400,0
Rhea Singh,0.832,9/2/1969,"161, Main Road, Guwahati, Assam - 543563",307000,0.047,0.253,2,25400,0
Aarav Reddy,0.879,5/5/1993,"128, MG Road, Patna, Bihar - 720592",478000,0.315,0.385,1,140000,0
Arjun Kohli,0.945,12/18/1992,"101, Main Road, Mumbai, Maharashtra - 747902",987000,0.042,0.086,1,74700,0
Aarav Mehta,0.986,1/17/1969,"69, Jayanagar, Bhopal, Madhya Pradesh - 316541",897000,0.303,0.423,1,1043600,0
Aditya Agarwal,0.814,12/2/1979,"46, BTM Layout, Pune, Maharashtra - 507409",150000,0.198,0.198,0,77200,0
Tanvi Kumar,0.87,5/27/1987,"127, MG Road, Guwahati, Assam - 833821",225000,0.2,0.319,1,111900,0
Kavya Verma,0.98,8/23/1975,"136, Jayanagar, Bhopal, Madhya Pradesh - 617983",295000,0.239,0.32,1,65800,0
Vihaan Kumar,0.841,3/15/1972,"137, Main Road, Ahmedabad, Gujarat - 179991",473000,0.124,0.331,2,146700,0
Sakshi Sharma,0.993,2/15/1978,"244, BTM Layout, Guwahati, Assam - 691054",419000,0.254,0.254,0,349400,0
Priya Mehta,0.835,5/8/1976,"217, Indira Nagar, Jaipur, Rajasthan - 386557",660000,0.327,0.327,0,201600,0
Aditya Bose,0.951,9/3/1966,"67, Sector 45, Bengaluru, Karnataka - 803403",150000,0.144,0.144,0,38800,0
Maya Kohli,0.945,12/24/1965,"114, Jayanagar, Hyderabad, Telangana - 518645",160000,0.067,0.217,1,34000,0
Aditya Khan,0.972,8/3/1999,"83, Shastri Nagar, Chandigarh, Chandigarh - 392547",986000,0.031,0.38,3,54400,0
Vivaan Khan,0.969,6/14/1976,"147, Indira Nagar, Ahmedabad, Gujarat - 148272",302000,0.059,0.233,2,45600,0
Arjun Kapoor,0.918,11/9/1996,"250, Indira Nagar, Guwahati, Assam - 636846",150000,0.143,0.303,1,20000,0
Maya Nair,0.899,11/23/1998,"207, MG Road, Bhopal, Madhya Pradesh - 505255",150000,0.303,0.303,0,180200,0
Sakshi Desai,0.895,12/25/1997,"114, Jayanagar, Guwahati, Assam - 289394",318000,0.056,0.131,1,31200,0
Maya Khan,0.845,10/7/1981,"72, Main Road, Patna, Bihar - 187441",150000,0.165,0.325,1,80700,0
Rhea Sharma,0.843,5/31/2001,"250, MG Road, Lucknow, Uttar Pradesh - 813950",2597000,0.335,0.335,0,2233700,0
Ishita Mukherjee,0.926,1/11/1991,"164, Indira Nagar, Jaipur, Rajasthan - 192589",975000,0.159,0.159,0,620300,0
Dev Gupta,0.982,12/2/1985,"77, Main Road, Bhopal, Madhya Pradesh - 663057",2114000,0.283,0.369,1,2000000,0
Aarav Gupta,0.905,7/30/1994,"185, Indira Nagar, Hyderabad, Telangana - 627792",837000,0.058,0.119,1,124100,0
Aditi Chopra,0.997,8/9/1975,"105, MG Road, Hyderabad, Telangana - 716626",187000,0.158,0.303,1,52000,0
Maya Agarwal,0.873,1/5/1979,"155, Jayanagar, Hyderabad, Telangana - 495945",151000,0.077,0.077,0,44300,0
Vivaan Sharma,0.935,12/8/1998,"189, Shastri Nagar, Kolkata, West Bengal - 703806",391000,0.313,0.313,0,457200,0
Priya Gupta,0.909,9/15/1994,"32, Indira Nagar, Delhi, Delhi - 737985",1542000,0.065,0.371,3,392500,0
Aarav Gupta,0.995,8/26/1990,"132, Indira Nagar, Bhopal, Madhya Pradesh - 488479",178000,0.061,0.492,3,33600,0
Aditya Singh,0.846,2/25/1985,"235, BTM Layout, Jaipur, Rajasthan - 291848",2929000,0.104,0.248,3,992200,0
Ananya Mukherjee,0.906,2/16/1973,"38, Sector 45, Chennai, Tamil Nadu - 644393",150000,0.142,0.302,1,20000,0
Arjun Verma,0.884,9/28/1991,"112, Station Road, Kolkata, West Bengal - 822007",416000,0.335,0.335,0,359600,0
Arjun Desai,0.969,1/30/1976,"213, Indira Nagar, Thiruvananthapuram, Kerala - 397341",150000,0.189,0.189,0,113100,0
Kavya Desai,0.975,5/30/1984,"155, Station Road, Chandigarh, Chandigarh - 298223",255000,0.146,0.146,0,114600,0
Ananya Bose,0.863,5/2/1975,"38, Indira Nagar, Jaipur, Rajasthan - 365059",1210000,0.204,0.204,0,894800,0
Sai Agarwal,0.994,11/27/1965,"154, MG Road, Lucknow, Uttar Pradesh - 301491",611000,0.208,0.208,0,476300,0
Sakshi Agarwal,0.915,12/22/1964,"131, Civil Lines, Pune, Maharashtra - 644716",257000,0.227,0.37,1,152900,0
Priya Patel,0.917,2/7/1990,"196, Station Road, Guwahati, Assam - 672875",448000,0.268,0.268,0,430200,0
Aditya Mehta,0.936,7/31/1985,"242, Sector 45, Lucknow, Uttar Pradesh - 290705",406000,0.024,0.229,2,25500,0
Tanvi Desai,0.919,1/3/1989,"214, Station Road, Lucknow, Uttar Pradesh - 132899",1319000,0.145,0.145,0,470200,0
Tanvi Verma,0.856,10/20/1965,"37, Shastri Nagar, Patna, Bihar - 575894",585000,0.181,0.181,0,343300,0
Nikhil Patel,0.946,8/19/1974,"247, BTM Layout, Kolkata, West Bengal - 706363",614000,0.123,0.123,0,137900,0
Ishita Bose,0.814,8/22/1969,"113, BTM Layout, Lucknow, Uttar Pradesh - 288774",152000,0.235,0.393,1,33400,0
Aditya Nair,0.813,1/4/2002,"50, Civil Lines, Thiruvananthapuram, Kerala - 147769",837000,0.116,0.116,0,313200,0
Rhea Sharma,0.993,11/1/1994,"155, Sector 45, Patna, Bihar - 444504",549000,0.293,0.293,0,150300,0
Kartik Gupta,0.808,10/6/1977,"224, Civil Lines, Bhopal, Madhya Pradesh - 687478",150000,0.223,0.383,1,105100,0
Sakshi Desai,0.943,8/13/1990,"133, Main Road, Guwahati, Assam - 805921",334000,0.227,0.227,0,70800,0
Sneha Bose,0.837,5/6/1979,"60, Shastri Nagar, Bengaluru, Karnataka - 624386",150000,0.387,0.387,0,54200,0
Vivaan Mukherjee,0.826,5/29/1983,"195, Park Street, Ahmedabad, Gujarat - 754329",412000,0.234,0.368,1,355600,0
Sakshi Reddy,0.928,1/26/1987,"109, Main Road, Bengaluru, Karnataka - 292258",281000,0.112,0.112,0,122400,0
Sakshi Singh,0.876,2/22/1990,"231, Indira Nagar, Pune, Maharashtra - 487788",408000,0.115,0.115,0,145800,0
Sakshi Chopra,0.926,6/29/1966,"38, Main Road, Bengaluru, Karnataka - 168435",181000,0.273,0.273,0,88600,0
Nikhil Mehta,0.921,4/30/1967,"57, Indira Nagar, Jaipur, Rajasthan - 806755",528000,0.098,0.098,0,48100,0
Maya Iyer,0.976,4/1/1982,"225, MG Road, Bengaluru, Karnataka - 738934",150000,0.286,0.286,0,161400,0
Sakshi Jain,0.982,9/17/1970,"194, MG Road, Thiruvananthapuram, Kerala - 841702",773000,0.172,0.172,0,428800,0
Aarav Das,0.906,3/29/1972,"160, Park Street, Mumbai, Maharashtra - 840226",150000,0.043,0.203,1,24500,0
Nikhil Desai,0.875,4/25/1972,"221, BTM Layout, Thiruvananthapuram, Kerala - 497901",420000,0.419,0.419,0,700300,0
Tanvi Iyer,0.818,9/14/1992,"137, Park Street, Guwahati, Assam - 251836",340000,0.318,0.318,0,348500,0
Priya Chopra,0.928,10/11/1975,"3, Station Road, Lucknow, Uttar Pradesh - 738495",150000,0.119,0.279,1,68500,0
Tanvi Verma,0.903,4/22/1993,"216, Park Street, Jaipur, Rajasthan - 448906",181000,0.183,0.183,0,60200,0
Sneha Kapoor,0.871,9/3/1990,"41, Main Road, Guwahati, Assam - 389144",1441000,0.299,0.299,0,1619300,0
Ishita Reddy,0.878,6/10/1983,"117, Station Road, Guwahati, Assam - 639357",382000,0.101,0.216,1,67900,0
Kartik Mukherjee,0.966,9/21/2000,"236, Civil Lines, Hyderabad, Telangana - 386716",150000,0.142,0.142,0,66600,0
Vivaan Kumar,0.807,9/3/1995,"5, Shastri Nagar, Patna, Bihar - 248846",543000,0.759,0.818,0,5430000,1
Sakshi Singh,0.929,9/12/1977,"80, Shastri Nagar, Bengaluru, Karnataka - 577758",581000,0.138,0.179,1,287300,0
Tanvi Nair,0.916,3/28/1997,"239, BTM Layout, Chandigarh, Chandigarh - 683058",240000,0.035,0.135,1,26800,0
Kartik Iyer,0.851,3/4/1999,"27, Shastri Nagar, Hyderabad, Telangana - 646249",294000,0.211,0.293,1,152800,0
Vivaan Desai,0.906,9/4/1970,"171, Park Street, Thiruvananthapuram, Kerala - 356887",508000,0.04,0.189,2,36900,0
Rhea Singh,0.806,3/4/1980,"41, Shastri Nagar, Bhopal, Madhya Pradesh - 176690",234000,0.133,0.133,0,29000,0
Sakshi Iyer,0.943,10/10/1988,"151, Jayanagar, Thiruvananthapuram, Kerala - 771359",235000,0.256,0.359,1,237100,0
Maya Kapoor,0.91,4/6/1988,"170, Station Road, Bengaluru, Karnataka - 125114",406000,0.355,0.355,0,262600,0
Arjun Desai,0.968,10/12/1967,"220, MG Road, Kolkata, West Bengal - 181469",440000,0.083,0.155,1,92100,0
Aditya Kumar,0.861,7/1/1989,"234, Sector 45, Jaipur, Rajasthan - 449352",364000,0.153,0.218,1,101100,0
Rhea Iyer,0.815,11/6/1978,"171, MG Road, Guwahati, Assam - 322902",1971000,0.212,0.212,0,391300,0
Maya Singh,0.996,12/29/1995,"178, Jayanagar, Jaipur, Rajasthan - 657374",362000,0.059,0.168,1,20200,0
Kavya Khan,0.807,8/23/1971,"182, Station Road, Jaipur, Rajasthan - 632868",3781000,0.232,0.356,1,2803500,0
Vivaan Nair,0.801,12/31/1982,"179, BTM Layout, Thiruvananthapuram, Kerala - 171189",150000,0.14,0.3,1,51400,0
Ishita Kohli,0.924,4/22/2000,"210, Indira Nagar, Bengaluru, Karnataka - 412515",1049000,0.099,0.099,0,98500,0
Sai Sharma,0.87,9/22/1980,"49, Sector 45, Bhopal, Madhya Pradesh - 317765",835000,0.34,0.34,0,1035100,0
Priya Mehta,0.869,9/12/1972,"230, Park Street, Bengaluru, Karnataka - 238021",620000,0.348,0.348,0,840600,0
Priya Agarwal,0.876,7/4/1998,"88, Shastri Nagar, Ahmedabad, Gujarat - 843862",150000,0.048,0.208,1,28100,0
Aarav Mehta,0.93,2/11/1972,"164, Civil Lines, Lucknow, Uttar Pradesh - 753808",150000,0.143,0.463,2,20000,0
Rohit Singh,0.843,4/27/1990,"248, Shastri Nagar, Hyderabad, Telangana - 140415",233000,0.418,0.418,0,361900,0
Vivaan Singh,0.898,12/8/1981,"144, BTM Layout, Ahmedabad, Gujarat - 481253",406000,0.144,0.259,1,55000,0
Aditi Chopra,0.827,6/21/1999,"67, Park Street, Patna, Bihar - 208619",150000,0.126,0.286,1,47100,0
Ananya Verma,0.999,9/16/1975,"240, Civil Lines, Delhi, Delhi - 360437",291000,0.388,0.388,0,294100,0
